sku_id,attribute,title,evidence,proposed_value,proposed_status,agreement,alternatives,corrected_value,corrected_status,note
shopify:www.everlane.com:7849644228694,closure,Made in Italy Braided Kitten Heel | Silver Leather,"An adjustable ankle strap keeps the fit secure, while the mid-height heel adds just enough lift for comfy, everyday wear. Easy to dress up or down, it works just as well with denim as it does with dresses.",<not_applicable>,not_applicable,0.60,<unknown>,,,
shopify:www.thursdayboots.com:7444717994074,details,Cobbler's Choice Leather Conditioner + Brush Bundle,"Product Features Includes Leather Conditioner & Shoe Brush Designed To Restore, Condition & Protect Your Leather Goods Instructions on Label 6 oz. Bottle Assembled in the USA Cobbler's Choice Brand Shipping Info Domestic shipping: 2-6 busin",<not_applicable>,not_applicable,1.00,<unknown>,,,
shopify:www.untuckit.com:7713737605198,closure,Wrinkle-Free Daltrey Shirt - FINAL SALE,"Ditch your iron and make the most of the season. This Wrinkle-Free button-down comes out of the dryer crease-free and ready to wear. It combines fine shirt details—a polished button-down collar, single-needle side seams, and structured cuff",<unknown>,unknown,1.00,single_breasted,,,
shopify:www.thursdayboots.com:7332008624218,pattern,Everyday Tote | Cuero (M) (Gold),Product Features Cuero Full-Grain Leather Internal Pocket For Easy Storage Convenient Phone Compartment For Quick Access Double Leather Handles For Durability Long-Lasting Rivets With Gold Finish Handcrafted With Integrity Shipping Info Fre,<unknown>,unknown,1.00,solid,,,
shopify:www.everlane.com:7841453080662,collar_type,Boatneck Cap-Sleeve Top in Butterknit | Black,A simple shape with cap sleeves that feels a little more refined.,<unknown>,unknown,0.80,none,,,
shopify:www.marinelayer.com:8016250273866,collar_type,California Fair Isle Crew Sweater,,<not_applicable>,not_applicable,0.80,none,,,
shopify:fahertybrand.com:8021114093637,occasion,Coastal Poplin Maxi Skirt - Deepwater Stripe,"Made from 100% organic cotton poplin, this maxi skirt has a lightweight, breathable feel with a smooth, crisp finish. Designed with a smocked waistband and tiered silhouette, it creates shape while still moving easily. Detail: Maxi-length s",<unknown>,unknown,0.60,casual,,,
shopify:naadam.co:7668950073440,closure,Super Fine Cashmere Three-Quarter Sleeve Crewneck Sweater,"The sweater that works year-round. The Super Fine Cashmere Three-Quarter Sleeve Crewneck Sweater is knit from 100% cashmere, and our finest, most delicate fabrication — lightweight enough to wear when it's warm and classic enough to layer e",<not_applicable>,not_applicable,0.80,<unknown>,,,
shopify:www.everlane.com:7841451212886,pattern,High-Rise Pleated Culotte | Bone/Cream,"A high-rise culotte with front pleats and a clean, tailored shape that brings a more polished feel to warm-weather dressing.",<unknown>,unknown,1.00,solid,,,
shopify:www.thursdayboots.com:7593564405850,colour_primary,Cobbler's Choice Premium Dauber Brush | Tan,Product Features Applies Leather Creams and Polishes Premium Horsehair Bristles Solid Grooved Wood Handle Handcrafted with Integrity Shipping Info Domestic shipping: 2-6 business days International shipping available Expedited shipping opti,beige,labeled,1.00,brown,,,
shopify:www.everlane.com:7784910389334,pattern,Notch Collar Shirt in Silk Georgette | Heather Rose,"Meet your new go-to short-sleeve shirt. With its V-neckline and notch collar, it has gentle gathers at the cuffs and is finished with picot-edge embroidery. Made with a lightweight silk georgette with a crepey feel and fluid drape, for easy",<unknown>,unknown,1.00,solid,,,
shopify:www.tentree.com:8322420048058,material,Hart Sweater,"When there's a summer chill in the air, reach for the Hart Sweater. Raglan long sleeves and a high-low hem let this oversized crew pair with everything from shorts and pants to skirts and dresses.",<unknown>,unknown,0.60,cotton,,,
shopify:www.taylorstitch.com:7391324110925,pattern,The Fisherman Shawl Cardigan in Heather Coal Merino,"The Fisherman Shawl Cardigan in Heather Coal Merino from Taylor Stitch 100% RWS merino wool. 1.5 gauge. Moss stitch construction. 2x1 rib at cuffs, shawl collar, front placket, welt pocket and bottom opening. Shawl collar. Two lower welt po",<unknown>,unknown,0.60,solid,,,
shopify:www.everlane.com:7841451278422,pattern,High-Rise Pleated Culotte | Dark Rinse,"A high-rise culotte with front pleats and a clean, tailored shape that brings a more polished feel to warm-weather dressing.",<unknown>,unknown,0.60,solid,,,
shopify:www.marinelayer.com:8084576862282,closure,Luxe Sueded Polo Tee,,<not_applicable>,not_applicable,0.60,<unknown>,,,
shopify:fahertybrand.com:8021063204933,collar_type,Sun Strider Linen Romper - Flax,"Made from 100% linen, this sleeveless romper has a lightweight, airy feel that keeps you comfortable on warm days. Adjustable straps and patch pockets add function, while the relaxed shape makes it an easy, throw-on piece for everyday wear.",<unknown>,unknown,0.60,<not_applicable>,,,
shopify:www.everlane.com:7841451081814,details,Low-Slung Tie-Front Jean | Medium Indigo,"This low-rise jean that sits close to the hip with a loose relaxed leg. Adjustable tie-front drawcords at the waistband can be worn, removed, or hidden inside for a more streamlined look. Made in a summer-weight, drapier denim. Keep it rela",<unknown>,unknown,0.60,none,,,
shopify:naadam.co:7668950073440,collar_type,Super Fine Cashmere Three-Quarter Sleeve Crewneck Sweater,"The sweater that works year-round. The Super Fine Cashmere Three-Quarter Sleeve Crewneck Sweater is knit from 100% cashmere, and our finest, most delicate fabrication — lightweight enough to wear when it's warm and classic enough to layer e",<not_applicable>,not_applicable,0.80,none,,,
shopify:www.taylorstitch.com:7454613602381,collar_type,The Eastmoor Sweater in Navy Fair Isle Wool,The Eastmoor Sweater in Navy Fair Isle Wool from Taylor Stitch 100% Responsible Wool Standard (RWS) wool. 5 gauge yarns. Jersey construction. Single layer 2x2 rib at cuffs and bottom opening. Double layer 2x2 rib at neck opening. Hand wash ,<not_applicable>,not_applicable,0.60,none,,,
shopify:www.everlane.com:7827422478422,pattern,Halter Tank | White,"Fully lined and made from a substantial knit, this top is comfortable enough to wear without a bra. Sleek, modern, and confidence-boosting.",<unknown>,unknown,1.00,solid,,,
shopify:www.outdoorvoices.com:7827443744846,pattern,Flared Legging,"Flared Legging in Cotton Candy — an ultra-soft brushed cotton blend with supportive stretch and gentle hold. The Flared Legging has an extra-tall waistband that can be folded over for a customizable fit, letting you wear it mid-rise or low-",<unknown>,unknown,0.80,solid,,,
shopify:fahertybrand.com:8021113274437,silhouette,Sophia Smocked Dress - Coastal Bloom,"Designed with an easy, flattering shape, this sleeveless dress features a fully smocked bodice with a soft scoop neckline and a gently flared skirt. Made from a smooth, lightweight fabric that moves naturally, it feels comfortable and breat",flare,labeled,0.60,fit_and_flare,,,
shopify:www.american-giant.com:10297736462517,closure,Women's Luxe Rib Turtleneck - Purple Velvet,,<not_applicable>,not_applicable,0.60,<unknown>,,,
shopify:fahertybrand.com:7055925805125,details,"Belt Loop All Day Shorts (9"") - Ice Grey","You know them, you love them, our All Day™ Shorts look perfectly tailored with a flat front style and have the water repellant technical performance of swimwear for increased movement and breathability. Each pair is crafted in our premium e",none,labeled,0.60,lined,,,
shopify:www.everlane.com:7855404318806,fit,Luxe Rib V-Neck Henley | Heathered Light Grey,"A henley with a little extra. It features elbow-length sleeves, a clean V neckline, and a slim, easy fit. Non-functional buttons run along the neckline trim, with only the center front buttons designed to open—adding detail without changing",regular,labeled,0.80,<unknown>,,,
shopify:www.outdoorvoices.com:7827443744846,waistline,Flared Legging,"Flared Legging in Cotton Candy — an ultra-soft brushed cotton blend with supportive stretch and gentle hold. The Flared Legging has an extra-tall waistband that can be folded over for a customizable fit, letting you wear it mid-rise or low-",<unknown>,unknown,1.00,high,,,
shopify:naadam.co:6619044446304,neckline,Luxe Wool Double Breasted Coat,"We partnered with Manteco to bring together our specialties with this recycled wool cashmere blend. The Luxe Wool Double Breasted Coat is as classic as it gets with a naval-inspired silhouette, wide lapels and double-breasted front button c",<not_applicable>,not_applicable,1.00,,,,
shopify:fahertybrand.com:7055925936197,details,"Belt Loop All Day Shorts (9"") - Olive","You know them, you love them, our All Day™ Shorts look perfectly tailored with a flat front style and have the water repellent technical performance of swimwear for increased movement and breathability. Each pair is crafted in our premium e",<unknown>,unknown,0.60,lined,,,
shopify:www.tentree.com:8143575711930,collar_type,Spokane Sweater,Cozy never looked so easy. This relaxed cowl neck sweater is made from soft organic cotton with stretch and subtle rib detailing — complete with side slits and a high-low hem for easy layering when the chill sets in.,<not_applicable>,not_applicable,0.60,none,,,
shopify:www.everlane.com:7841453178966,pattern,Boatneck Cap-Sleeve Top in Butterknit | Henna Red,A simple shape with cap sleeves that feels a little more refined.,<unknown>,unknown,1.00,solid,,,
shopify:fahertybrand.com:6909886136389,closure,Faherty X REEF Drift Away Flip Flop - Bronze,"One of our favorite summer sandals, this iteration of the Drift Away was made in collaboration with REEF to go effortlessly from the beach to the street. Sharing a love of quality and sustainability, we sourced leather from the highest stan",<not_applicable>,not_applicable,1.00,<unknown>,,,
shopify:naadam.co:6565957304416,collar_type,Luxe Cashmere Duster Cardigan,"The long and short of it. The cashmere duster cardigan is the versatile piece you need in your closet. With a relaxed neckline, midi length and slouchy front pockets, it can be dressed up over a button down or dressed down over workout clot",shawl_lapel,labeled,1.00,<unknown>,,,
shopify:www.everlane.com:7793247748182,pattern,Forever Jersey Cropped Tee | Burnished Lilac,"Cut from regenerative cotton with a cropped length that hits just right. Oversized through the body with dropped shoulders and a relaxed crew neckline. Medium weight with a soft, lived-in feel from the first wear. Pair it with high-waisted ",<unknown>,unknown,0.80,solid,,,
shopify:fahertybrand.com:8021116059717,sleeve_style,Faherty x Quiksilver Heavy Wash Tee - White,"Part of our collaboration with Quiksilver, this oversized, relaxed tee is made from a soft blend of organic and recycled cotton with a broken-in feel from the first wear. Garment-dyed for a vintage, sun-faded look that softens over time, it",set_in,labeled,0.80,<unknown>,,,
shopify:www.everlane.com:7864340643926,pattern,Lightweight Terry Long Shorts | Velvet Morning Garment Dye,"Taking a style cue from classic basketball shorts, this mid-rise short has a relaxed, baggy fit and hits just below the knee. The elastic waistband makes it easy to pull on, while side seam pockets add everyday function. Made from a soft, b",<unknown>,unknown,1.00,solid,,,
shopify:www.thursdayboots.com:7539894583386,material,Union Bomber Jacket | Navy,"Product Features 6.5oz Cotton/Polyester Shell With Weather-Resistant Finish Quilted Lining, Insulated for Warmth & Comfort Ribbing At The Cuffs, Collar, and Waistband Long-Lasting Metal Zipper Twin Side Pockets With 100% Nylon Lining Hidden",<unknown>,unknown,1.00,cotton,,,
shopify:naadam.co:7278785036384,collar_type,Cashmere Ribbed Asymmetrical Top,"Lines of distinction. This asymmetrical top reimagines ribbing with architectural appeal. Crafted from Mongolian cashmere in a slim fit, it creates visual movement. Layer under blazers for office wear, or pair with high-waisted trousers for",<unknown>,unknown,1.00,none,,,
shopify:www.rothys.com:6819502194782,garment_category,The Crossbody Strap - Spruce Camo,"The Crossbody Strap in Spruce Camo Durably knit design in a navy, olive and dark green camo pattern. Two end snap hooks make it easy to clip onto several styles, of which you will find plenty in The Bag Bar. Sturdy sliding buckle allows you",bag,labeled,1.00,other,,,
shopify:www.everlane.com:7784909242454,pattern,RetroSoft Cotton One-Shoulder Tank | Bone,"With a wide strap and a slim fit, this one-shoulder top channels that easy, minimalist ‘90s attitude. Made with certified organic ribbed cotton to keep you cool and comfy. Strong with denim, sharper with tailored pants, and built to anchor ",<unknown>,unknown,0.80,solid,,,
shopify:www.untuckit.com:7590240911438,closure,Cotton Marguerite Midi Dress,"Stand out from the crowd this season in the always-chic Marguerite Midi Dress, with its spring-ready ikat print, cascading skirt, and sleek scoop-neck construction. We used a breathable, lightweight cotton and gave it a fully-lined body, el",<unknown>,unknown,1.00,single_breasted,,,
shopify:www.outdoorvoices.com:7585335836750,garment_length,"FreeForm 5"" Short","Peachy-soft, made to stretch, with a confidence-boosting fit that looks as good as it feels. These shorts feature a super high-rise waistband made to hug your shape during low-impact movement.",above_knee,labeled,1.00,<unknown>,,,
shopify:www.tentree.com:8360520384698,colour_primary,TreeBlend Brackley T-Shirt,"What can we say about this earth-friendly tee that it doesn't already say itself? This classic, straightforward piece is a sustainable staple for any wardrobe.",orange,labeled,1.00,<unknown>,,,
shopify:www.untuckit.com:7674649346126,collar_type,Floral Necktie Nadine Dress,"Refresh your closet for cooler weather with our subtle yet head-turning Nadine Dress. Rich autumnal colors and an elegant floral print will look right at home when the leaves start changing. You’ll love its fully lined construction, easy si",shirt,labeled,1.00,<unknown>,,,
shopify:www.everlane.com:7841452064854,collar_type,Lace Knit Maxi Sweater Dress | Bone,"Your most dressy summer vacation dress or the perfect option for wedding season, this V-neck maxi dress features an intricate lace knit pattern across the full silhouette. A seam above the knee shifts the stitch, creating a subtle flare thr",<unknown>,unknown,0.80,none,,,
shopify:www.everlane.com:7859024298070,sleeve_length,Gauze Smocked Dress | Beech,"This knee-length dress features any easy trapeze silhouette with smocked ruffle detailing for texture. Adjustable straps allow for a more personalized fit, while on-seam pockets add to its casual vibe. Made with our breezy, breathable organ",<not_applicable>,not_applicable,0.60,sleeveless,,,
shopify:www.outdoorvoices.com:7769243320398,pattern,Sunny Sweatpant,Wide leg sweatpant in Strobe Fleece; a structured and ultra soft cotton fleece. The sweatpant features a technical nylon waistband for a clean and comfortable waistband that doesn’t add bulk with a bungee cord and toggle for an adjustable f,graphic,labeled,0.80,abstract,,,
shopify:www.rothys.com:6819497214046,closure,The Crossbody Strap - Desert Cat,"The Crossbody Strap in Desert Cat Durably knit design in a cream and black leopard print. Two end snap hooks make it easy to clip onto several styles, of which you will find plenty in The Bag Bar. Sturdy sliding buckle allows you to adjust ",buckle,labeled,0.80,<not_applicable>,,,
shopify:www.everlane.com:7855403958358,details,Cowl Neck Mini Dress | Black,"This double-layer mini dress has a soft, draped neckline that falls into a shallow cowl at the front and a deeper cowl at the back. Slim through the hips before flowing straight, it keeps the silhouette clean while letting the drape do the ",lined,labeled,0.80,none,,,
shopify:www.tentree.com:8096373833914,material,SoftTerry Light V-Neck Jumpsuit,"Comfy enough to lounge around in, cool enough to wear out for date night. This super soft, super sustainable jumpsuit is a perfect addition to your summer wardrobe.",<unknown>,unknown,0.60,cotton,,,
shopify:www.everlane.com:7859754434646,pattern,Cinched Dress in Stretch Linen | Henna Red,"A midi dress with a V-neckline and soft, dolman flutter sleeves, it features gathered detailing at the waist to create shape. Made from our stretch linen fabric, it balances structure and movement. Easy to wear with flat sandals for day or ",<unknown>,unknown,0.80,solid,,,
shopify:fahertybrand.com:8021115928645,sleeve_length,Faherty x Quiksilver Heavy Wash Tee - Teal Tropics,"Part of our collaboration with Quiksilver, this oversized, relaxed tee is made from a soft blend of organic and recycled cotton with a broken-in feel from the first wear. Garment-dyed for a vintage, sun-faded look that softens over time, it",short,labeled,1.00,<unknown>,,,
shopify:www.tentree.com:8360520384698,closure,TreeBlend Brackley T-Shirt,"What can we say about this earth-friendly tee that it doesn't already say itself? This classic, straightforward piece is a sustainable staple for any wardrobe.",pullover,labeled,0.60,<unknown>,,,
shopify:www.taylorstitch.com:7115853234253,pattern,The Cascade Shawl Cardigan in Heather Marine,"The Cascade Shawl Cardigan in Heather Marine from Taylor Stitch 100% RWS merino wool. 1.5 gauge yarns. Cable knit construction. 2x2 rib featured on shawl collar, placket, cuffs, pocket, and bottom opening. Shawl collar. Raglan sleeve. Two l",<unknown>,unknown,1.00,solid,,,
shopify:www.taylorstitch.com:7355710931021,silhouette,The Button Down Polo in Cilantro Herringbone,The Button Down Polo in Cilantro Herringbone from Taylor Stitch 100% organic cotton. 14 gauge yarns. Herringbone knit construction on the body and sleeves. Flat rib knit collar. 1x1 rib on sleeve and bottom opening. Straight hem. Hand wash ,straight,labeled,1.00,<unknown>,,,
shopify:www.outdoorvoices.com:7827443744846,fit,Flared Legging,"Flared Legging in Cotton Candy — an ultra-soft brushed cotton blend with supportive stretch and gentle hold. The Flared Legging has an extra-tall waistband that can be folded over for a customizable fit, letting you wear it mid-rise or low-",<unknown>,unknown,1.00,tight,,,
shopify:www.everlane.com:7825166205014,occasion,Mini Shift Dress in Stretch Linen | Black,Made from stretch linen that's breathable and comfortable. Dress it up or down—it’s ready for both.,<unknown>,unknown,0.80,casual,,,
shopify:www.everlane.com:7855403958358,occasion,Cowl Neck Mini Dress | Black,"This double-layer mini dress has a soft, draped neckline that falls into a shallow cowl at the front and a deeper cowl at the back. Slim through the hips before flowing straight, it keeps the silhouette clean while letting the drape do the ",casual,labeled,1.00,<unknown>,,,
shopify:www.thursdayboots.com:7442143805530,closure,[S] Duke | Dark Olive Suede,Product Features Dark Olive WeatherSafe™ Suede Goodyear Welt Construction for Longevity Fully Lined Supple Glove Leather Interior Poron® Antimicrobial Shock Absorbing Insoles Cork-Bed Midsoles that Form to Your Feet DuraEVA™ Comfort Strip D,<not_applicable>,not_applicable,1.00,<unknown>,,,
shopify:www.everlane.com:7849644130390,details,Vacation Sandal | Black Leather,"This strappy leather sandal features a padded footbed and adjustable buckle for all-day comfort. Finished with a sturdy welted sole. Casual, reliable, and ready for wherever you’re headed.",<unknown>,unknown,0.60,none,,,
shopify:fahertybrand.com:8021113339973,collar_type,Voile Sundance Dress - Garden Whispers,"Made from 100% organic cotton voile, this maxi dress has a light, airy feel with a soft drape that moves easily. Designed with an off-shoulder neckline and a smocked bodice, it creates a flattering, easy shape that still feels relaxed. Fit:",<unknown>,unknown,0.60,none,,,
shopify:naadam.co:6676390805600,collar_type,Featherweight Cashmere Crewneck Sweater,"The Featherweight Cashmere Crewneck Sweater is a delicate, lightweight sweater with a relaxed classic fit and long classic length designed to sit at the center of the hips. It features a crew neckline, drop shoulders, and ribbed details. Cr",<not_applicable>,not_applicable,0.60,none,,,
shopify:fahertybrand.com:8021113405509,fit,Sophia Smocked Dress - Chocolate Petal,"Designed with an easy, flattering shape, this sleeveless dress features a fully smocked bodice with a soft scoop neckline and a gently flared skirt. Made from a smooth, lightweight fabric that moves naturally, it feels comfortable and breat",regular,labeled,0.60,<unknown>,,,
shopify:www.tentree.com:8143578005690,collar_type,Weston Dress,Meet the fleece dress you didn’t know you needed. This half zip is your cozy-day go-to — complete with a mock neck and roomy front pockets.,<unknown>,unknown,0.60,none,,,
shopify:www.everlane.com:7760660955222,occasion,Way-High® A-Line Denim Short | Tungsten Rinse,"This high-rise A-line short keeps the classic five-pocket look with an updated, even-better fit. Made from rigid, 100% organic cotton denim. Easy, flattering, and endlessly wearable.",<unknown>,unknown,1.00,casual,,,
shopify:www.tentree.com:8143575711930,closure,Spokane Sweater,Cozy never looked so easy. This relaxed cowl neck sweater is made from soft organic cotton with stretch and subtle rib detailing — complete with side slits and a high-low hem for easy layering when the chill sets in.,<not_applicable>,not_applicable,0.60,pullover,,,
shopify:www.marinelayer.com:8213621735498,closure,Dakota Denim Barrel,,<unknown>,unknown,1.00,,,,
shopify:www.everlane.com:7859754664022,pattern,Halter Tank | Rose Violet,"Fully lined and made from a substantial knit, this top is comfortable enough to wear without a bra. Sleek, modern, and confidence-boosting.",<unknown>,unknown,1.00,solid,,,
shopify:www.everlane.com:7841451278422,silhouette,High-Rise Pleated Culotte | Dark Rinse,"A high-rise culotte with front pleats and a clean, tailored shape that brings a more polished feel to warm-weather dressing.",wide_leg,labeled,1.00,<unknown>,,,
shopify:www.everlane.com:7849644130390,pattern,Vacation Sandal | Black Leather,"This strappy leather sandal features a padded footbed and adjustable buckle for all-day comfort. Finished with a sturdy welted sole. Casual, reliable, and ready for wherever you’re headed.",<unknown>,unknown,1.00,solid,,,
shopify:www.everlane.com:7859834454102,pattern,Godet Mini Skirt in Cotton Silk | Black,A mini skirt with godet panels that bring movement and a more defined silhouette.,<unknown>,unknown,0.80,solid,,,
shopify:naadam.co:6676390805600,sleeve_length,Featherweight Cashmere Crewneck Sweater,"The Featherweight Cashmere Crewneck Sweater is a delicate, lightweight sweater with a relaxed classic fit and long classic length designed to sit at the center of the hips. It features a crew neckline, drop shoulders, and ribbed details. Cr",long,labeled,1.00,<unknown>,,,
shopify:fahertybrand.com:8133911969861,collar_type,Jalen Brunson High Standard Fleece Hoodie - Antique Ivory Heather,"e teamed up with Jalen Brunson on a small collection of everyday styles built around one idea: show up, do the work, repeat. Classic Faherty craftsmanship and Jalen's off-court style come together in relaxed fits and quality materials that ",<not_applicable>,not_applicable,0.60,hooded,,,
shopify:www.thursdayboots.com:7539260391514,details,Captain | Mocha,Product Features Mocha WeatherSafe™ Suede Goodyear Welt Construction for Longevity Fully Lined Supple Glove Leather Interior Premium Flat Waxed Cotton Laces Custom Developed Reinforced Eyelets Poron® Antimicrobial Shock Absorbing Insoles Co,lined|studded,labeled,1.00,lined,,,
shopify:www.everlane.com:7859024330838,collar_type,Gauze Smocked Dress | Birch,"This knee-length dress features any easy trapeze silhouette with smocked ruffle detailing for texture. Adjustable straps allow for a more personalized fit, while on-seam pockets add to its casual vibe. Made with our breezy, breathable organ",<unknown>,unknown,0.80,none,,,
shopify:naadam.co:6620058386528,details,The Sustainable Puffer,"Classic style, low impact. The Sustainable Puffer is an essential cold-weather coat with a classic fit and butt-covering length. It features everything you’d want in a puffer: a water-resistant shell, detachable hood, layered wristbands wit",<unknown>,unknown,1.00,none,,,
shopify:www.taylorstitch.com:7454610653261,waistline,The Down Vest in Brick Red Waxed Ripstop,The Down Vest in Brick Red Waxed Ripstop from Taylor Stitch Developed in collaboration with Crescent Down Works. 3.5-oz. 100% cotton waxed ripstop from British Millerain. 3-oz. 100% cowhide yoke. PFC-free 100% nylon lining. 5-oz. 700+ fill ,<unknown>,unknown,0.60,<not_applicable>,,,
shopify:www.everlane.com:7855403958358,fit,Cowl Neck Mini Dress | Black,"This double-layer mini dress has a soft, draped neckline that falls into a shallow cowl at the front and a deeper cowl at the back. Slim through the hips before flowing straight, it keeps the silhouette clean while letting the drape do the ",tight,labeled,0.80,<unknown>,,,
shopify:www.everlane.com:7841451081814,pattern,Low-Slung Tie-Front Jean | Medium Indigo,"This low-rise jean that sits close to the hip with a loose relaxed leg. Adjustable tie-front drawcords at the waistband can be worn, removed, or hidden inside for a more streamlined look. Made in a summer-weight, drapier denim. Keep it rela",<unknown>,unknown,0.80,solid,,,
shopify:fahertybrand.com:8021113339973,garment_length,Voile Sundance Dress - Garden Whispers,"Made from 100% organic cotton voile, this maxi dress has a light, airy feel with a soft drape that moves easily. Designed with an off-shoulder neckline and a smocked bodice, it creates a flattering, easy shape that still feels relaxed. Fit:",maxi,labeled,1.00,,,,
shopify:www.rothys.com:7597343047774,occasion,The Travel Cinch Backpack - Forest,"The Travel Cinch Backpack in Forest Lightweight and durable, this olive green bag features green camo details—and opens up to a roomy coral interior. Drawstring and metal snap closure for extra security. Cinch it up. Exterior zip pocket and",<unknown>,unknown,1.00,casual,,,
shopify:www.taylorstitch.com:7355710931021,garment_category,The Button Down Polo in Cilantro Herringbone,The Button Down Polo in Cilantro Herringbone from Taylor Stitch 100% organic cotton. 14 gauge yarns. Herringbone knit construction on the body and sleeves. Flat rib knit collar. 1x1 rib on sleeve and bottom opening. Straight hem. Hand wash ,shirt_blouse,labeled,0.60,top,,,
shopify:www.tentree.com:8322436235450,sleeve_style,Denim Nova Overall,"The epitome of throw it on and go, these denim overalls keep comfort close with a double-V neckline, perfectly placed pockets, and organic cotton that’s so soft you’ll want to spend your whole day in these.",<unknown>,unknown,1.00,<not_applicable>,,,
shopify:www.tentree.com:8143564505274,collar_type,Dalton Sweater,"Your cold weather essential has arrived. Blending recycled polyester, organic cotton, and sustainably sourced wool, this henley is soft and versatile — ideal for layering or standing strong on its own.",<not_applicable>,not_applicable,0.60,none,,,
shopify:fahertybrand.com:8021115994181,pattern,Faherty x Quiksilver Fleece Zip Hoodie - Abyss Navy,"Part of our collaboration with Quiksilver, this zip hoodie is made from soft organic cotton fleece with vintage-inspired details throughout. Garment-dyed for rich color that softens over time, it’s finished with a full-zip front, double-lay",<unknown>,unknown,0.60,solid,,,
shopify:naadam.co:6642348556384,pattern,Silk Cashmere Midi Tank Dress,"The Silk Cashmere Midi Tank Dress is a slim-fitting dress with a midi length. It features a scoop neckline, side slit, and all-over ribbing. Crafted from a smooth, breathable blend of silk and cashmere.",<unknown>,unknown,0.80,solid,,,
shopify:www.thursdayboots.com:7593556967514,occasion,Cobbler's Choice Dauber Brush Bundle | Brown + Tan,Product Features Includes 1 Tan and 1 Brown Dauber Brush Applies Leather Creams and Polishes Premium Horsehair Bristles Solid Grooved Wood Handle Handcrafted with Integrity Shipping Info Domestic shipping: 2-6 business days International sh,<not_applicable>,not_applicable,0.60,<unknown>,,,
shopify:naadam.co:7294078615648,details,Signature Cashmere Full Zip Sweater,"Zip it up. The Signature Cashmere Full Zip Sweater is a soft layer with a relaxed classic fit. It features a stand-up collar, ribbed details, and full-zip construction. Crafted from 100% premium, sustainable cashmere.",<unknown>,unknown,0.60,none,,,
shopify:www.everlane.com:7849644458070,occasion,Suede Slide Sandal | Russet Suede,"An open-toe slip-on sandal designed with a glove-like suede upper for a comfortable fit from first wear. Finished with a leather lining for a smooth feel it has a rubber outsole for grip. Made with our better for you leather. Dress up, dres",<unknown>,unknown,0.60,casual,,,
shopify:www.marinelayer.com:8213617147978,details,Dream Jersey Puff Sleeve Tee,,<unknown>,unknown,0.80,none,,,
shopify:www.thursdayboots.com:7035381153882,occasion,[S] Captain | Black Matte,Product Features Black Matte Rugged & Resilient Leather Goodyear Welt Construction for Longevity Fully Lined Supple Glove Leather Interior Poron® Antimicrobial Shock Absorbing Insoles Long-Lasting Kevlar® Blend Laces Cork-Bed Midsoles that ,<unknown>,unknown,0.80,casual,,,
shopify:www.everlane.com:7841453047894,material,Lightweight Terry Cropped Full-Zip | Blue Wing Teal,"Cropped fit, dropped shoulder, blouson at the hem, there's really no going wrong with this full-zip. The zipper runs all the way up into the hood, closing at mouth level, or opens into a wide collar that spreads across the shoulders. Made w",<unknown>,unknown,0.80,knit,,,
shopify:www.rothys.com:7597343113310,occasion,The Travel Duffel - Forest,"The Travel Duffel in Forest Lightweight, durable design in olive green . Spacious coral interior fits everything you need for the perfect weekend away. Exterior zip pocket and interior slip pocket for your phone, wallet, keys. Durable, comf",<unknown>,unknown,0.80,casual,,,
shopify:www.rothys.com:7597343146078,pattern,The Travel Sling - Forest,"The Travel Sling in Forest Lightweight, durable design in olive green with a coral interior. Top zipper closure keeps your belongings secure. Front zip pocket keeps your phone and small essentials within easy reach. Adjustable crossbody str",camouflage,labeled,1.00,<unknown>,,,
shopify:fahertybrand.com:6900366082117,closure,"Belt Loop All Day Shorts (7"") - Turquoise Sky","You know them, you love them, our All Day™ Shorts look perfectly tailored with a flat front style and have the water repellant technical performance of swimwear for increased movement and breathability. Each pair is crafted in our premium e",zip,labeled,0.80,fly,,,
shopify:naadam.co:6619046674528,collar_type,Super Luxe Cashmere Mockneck Sweater,"The Super Luxe Cashmere Mockneck Sweater is a sumptuous, timeless pullover with an oversized fit and classic length. It’s detailed with a mock neckline, drop shoulders, and generous ribbed accents. Each of our Luxe Cashmere pieces is distin",<unknown>,unknown,0.60,none,,,
shopify:fahertybrand.com:8021061173317,closure,Short-Sleeve Palma Linen Shirt - Lilac Shell Stripe,"Crafted from 100% responsibly sourced linen, this button-up is naturally lightweight, breathable, and cooling, then specially washed for exceptional softness and an easy, lived-in feel. Finished with a button front, chest patch pocket, doub",<unknown>,unknown,1.00,single_breasted,,,
shopify:fahertybrand.com:7784147910725,garment_length,Double Knit Crewneck - Oat Navy Stripe,"Built for cooler days and crisp nights, this double-knit sweater is rugged on the outside and ridiculously soft on the inside. The blend of long-staple Pima cotton and TENCEL™ Modal gives it the perfect balance of durability, breathability,",<unknown>,unknown,1.00,hip,,,
shopify:www.everlane.com:7841452032086,collar_type,Lace Knit Maxi Sweater Dress | Henna Red,"Your most dressy summer vacation dress or the perfect option for wedding season, this V-neck maxi dress features an intricate lace knit pattern across the full silhouette. A seam above the knee shifts the stitch, creating a subtle flare thr",<unknown>,unknown,0.80,none,,,
shopify:www.american-giant.com:8226070954165,occasion,Men's Broken-In Premium Slub Henley - Washed Dark Charcoal,Premium Slub Henley T,<unknown>,unknown,0.60,casual,,,
shopify:fahertybrand.com:8021114093637,sleeve_length,Coastal Poplin Maxi Skirt - Deepwater Stripe,"Made from 100% organic cotton poplin, this maxi skirt has a lightweight, breathable feel with a smooth, crisp finish. Designed with a smocked waistband and tiered silhouette, it creates shape while still moving easily. Detail: Maxi-length s",<not_applicable>,not_applicable,1.00,,,,
shopify:www.everlane.com:7849644458070,pattern,Suede Slide Sandal | Russet Suede,"An open-toe slip-on sandal designed with a glove-like suede upper for a comfortable fit from first wear. Finished with a leather lining for a smooth feel it has a rubber outsole for grip. Made with our better for you leather. Dress up, dres",<unknown>,unknown,1.00,solid,,,
shopify:www.everlane.com:7784911372374,sleeve_style,Cinched Dress in Stretch Linen | Estate Blue,"A midi dress with a V-neckline and soft, dolman flutter sleeves, it features gathered detailing at the waist to create shape. Made from our stretch linen fabric, it balances structure and movement. Easy to wear with flat sandals for day or ",dolman,labeled,1.00,flutter,,,
shopify:www.taylorstitch.com:7579181809741,garment_category,The Button Down Polo in Desert Herringbone,The Button Down Polo in Desert Herringbone from Taylor Stitch 100% organic cotton. 14 gauge yarns. Herringbone knit construction on the body and sleeves. Flat rib knit collar. 1x1 rib on sleeve and bottom opening. Straight hem. Hand wash co,shirt_blouse,labeled,1.00,top,,,
shopify:naadam.co:6619044446304,details,Luxe Wool Double Breasted Coat,"We partnered with Manteco to bring together our specialties with this recycled wool cashmere blend. The Luxe Wool Double Breasted Coat is as classic as it gets with a naval-inspired silhouette, wide lapels and double-breasted front button c",<unknown>,unknown,0.80,none,,,
shopify:fahertybrand.com:8133911969861,colour_primary,Jalen Brunson High Standard Fleece Hoodie - Antique Ivory Heather,"e teamed up with Jalen Brunson on a small collection of everyday styles built around one idea: show up, do the work, repeat. Classic Faherty craftsmanship and Jalen's off-court style come together in relaxed fits and quality materials that ",white,labeled,0.60,beige,,,
shopify:www.untuckit.com:7853402357838,closure,Wrinkle-Free Ridgewell Shirt,"Who has time to iron? We gave our 100% cotton Wrinkle-Free Shirts a heat-activated finish that resists wrinkles all day long. They come out of the dryer ready to wear, so you can look sharp with zero extra effort—and get out the door faster",<unknown>,unknown,1.00,single_breasted,,,
shopify:www.thursdayboots.com:7332008624218,colour_primary,Everyday Tote | Cuero (M) (Gold),Product Features Cuero Full-Grain Leather Internal Pocket For Easy Storage Convenient Phone Compartment For Quick Access Double Leather Handles For Durability Long-Lasting Rivets With Gold Finish Handcrafted With Integrity Shipping Info Fre,metallic,labeled,0.40,brown,,,
shopify:www.everlane.com:7784908357718,collar_type,Scoop-Neck Midi Dress in Pointelle Knit | Olive Night,"This scoop U-neckline midi dress features a close, contoured fit with a center-back seam to add shape to the silhouette. Made with our pointelle fabric for subtle texture and breathability, it’s an easy warm-weather dress you'll live in all",<unknown>,unknown,0.60,none,,,
shopify:www.untuckit.com:7674649346126,silhouette,Floral Necktie Nadine Dress,"Refresh your closet for cooler weather with our subtle yet head-turning Nadine Dress. Rich autumnal colors and an elegant floral print will look right at home when the leaves start changing. You’ll love its fully lined construction, easy si",fit_and_flare,labeled,0.60,<unknown>,,,
shopify:www.tentree.com:8143564505274,closure,Dalton Sweater,"Your cold weather essential has arrived. Blending recycled polyester, organic cotton, and sustainably sourced wool, this henley is soft and versatile — ideal for layering or standing strong on its own.",<not_applicable>,not_applicable,0.60,pullover,,,
shopify:fahertybrand.com:6900366016581,garment_length,"Belt Loop All Day Shorts (9"") - Turquoise Sky","You know them, you love them, our All Day™ Shorts look perfectly tailored with a flat front style and have the water repellent technical performance of swimwear for increased movement and breathability. Each pair is crafted in our premium e",<unknown>,unknown,1.00,above_knee,,,
shopify:www.everlane.com:7841453047894,occasion,Lightweight Terry Cropped Full-Zip | Blue Wing Teal,"Cropped fit, dropped shoulder, blouson at the hem, there's really no going wrong with this full-zip. The zipper runs all the way up into the hood, closing at mouth level, or opens into a wide collar that spreads across the shoulders. Made w",<unknown>,unknown,0.60,casual,,,
shopify:www.thursdayboots.com:7456315474010,occasion,Roadrunner | Sand,Product Features Sand Suede Stitchout Construction for Longevity Hand-Stitched Moccasin Toe Fully Lined Supple Glove Leather Interior Comfortable Shock Absorbing Insoles Premium Flat Waxed Cotton Laces Fully Gusseted Tongue Genuine Crepe Ou,<unknown>,unknown,0.80,casual,,,
shopify:www.everlane.com:7841453080662,pattern,Boatneck Cap-Sleeve Top in Butterknit | Black,A simple shape with cap sleeves that feels a little more refined.,<unknown>,unknown,1.00,solid,,,
shopify:www.everlane.com:7859025281110,pattern,Bubble-Sleeve Mini Dress in Cotton Silk Voile | Estate Blue,"A mini dress with sculpted bubble sleeves and V-necklines at the front and back. A center front seam and French darts give shape to the body. Made with organic cotton and Bluesign®-certified silk voile and fully lined, it has an airy feel w",<unknown>,unknown,1.00,solid,,,
shopify:naadam.co:6835720716384,collar_type,Signature Cashmere One Shoulder Sweater,"The Cashmere One Shoulder Sweater is a chic knit with a relaxed classic fit and short classic length designed to skim the top of the hip bones. It features a cold-shoulder silhouette, ribbed details, and fitted waistband for added dimension",<not_applicable>,not_applicable,0.60,none,,,
shopify:www.untuckit.com:7853284458574,occasion,Stretch Cotton Hybrid Pants,"Want that weekend feel all week long? Our newest pants are have a polished, plain front with an elastic waist in the back for all-day comfort, plus an interior drawstring that lets you fine-tune the fit. They're the ultimate everyday trouse",work,labeled,0.60,casual,,,
shopify:naadam.co:7163411169376,silhouette,Cotton Cashmere Mixed Media Midi Skirt,"A skirt that does both. The Cotton Cashmere Mixed Media Skirt is a slim fitting midi skirt with plenty of visual interest. It features a classic zip and button waist, belt loops, side pockets, and a front slit. Crafted from a mixture of pre",pencil,labeled,0.80,<unknown>,,,
shopify:www.everlane.com:7841453047894,pattern,Lightweight Terry Cropped Full-Zip | Blue Wing Teal,"Cropped fit, dropped shoulder, blouson at the hem, there's really no going wrong with this full-zip. The zipper runs all the way up into the hood, closing at mouth level, or opens into a wide collar that spreads across the shoulders. Made w",<unknown>,unknown,1.00,solid,,,
shopify:www.everlane.com:7841452064854,details,Lace Knit Maxi Sweater Dress | Bone,"Your most dressy summer vacation dress or the perfect option for wedding season, this V-neck maxi dress features an intricate lace knit pattern across the full silhouette. A seam above the knee shifts the stitch, creating a subtle flare thr",<unknown>,unknown,0.80,lined,,,
shopify:www.everlane.com:7784910422102,collar_type,Maxi Dress in Silk Georgette | Soft Floral,"This sleeveless maxi dress features a front surplice neckline with a paneled skirt that adds volume and flow. Designed with tuck and gather detailing at the shoulder and waist, it has a tie-back detail for an adjustable fit. Made with our s",<unknown>,unknown,0.80,none,,,
shopify:www.taylorstitch.com:7579180531789,collar_type,The Hawthorne Shirt in Blue Pin Dot Dobby,"The Hawthorne Shirt in Blue Pin Dot Dobby from Taylor Stitch 7-oz. 100% organic cotton dobby. Washed for a soft, lived-in feel. Camp collar (no collar stand) meant to be worn open. Single rounded chest pocket. Flat hem with vents at side se",<unknown>,unknown,0.60,shirt,,,
shopify:www.thursdayboots.com:7539897925722,sleeve_length,Union Bomber Jacket | Olive,"Product Features 6.5oz Cotton/Polyester Shell With Weather-Resistant Finish Quilted Lining, Insulated for Warmth & Comfort Ribbing At The Cuffs, Collar, and Waistband Long-Lasting Metal Zipper Twin Side Pockets With 100% Nylon Lining Hidden",<unknown>,unknown,1.00,long,,,
shopify:www.rothys.com:6819497214046,garment_category,The Crossbody Strap - Desert Cat,"The Crossbody Strap in Desert Cat Durably knit design in a cream and black leopard print. Two end snap hooks make it easy to clip onto several styles, of which you will find plenty in The Bag Bar. Sturdy sliding buckle allows you to adjust ",bag,labeled,0.80,other,,,
shopify:www.everlane.com:7784911405142,pattern,Cinched Dress in Stretch Linen | Bone,"A midi dress with a V-neckline and soft, dolman flutter sleeves, it features gathered detailing at the waist to create shape. Made from our stretch linen fabric, it balances structure and movement. Easy to wear with flat sandals for day or ",<unknown>,unknown,0.80,solid,,,
shopify:naadam.co:7668950073440,details,Super Fine Cashmere Three-Quarter Sleeve Crewneck Sweater,"The sweater that works year-round. The Super Fine Cashmere Three-Quarter Sleeve Crewneck Sweater is knit from 100% cashmere, and our finest, most delicate fabrication — lightweight enough to wear when it's warm and classic enough to layer e",<unknown>,unknown,0.60,none,,,
shopify:www.marinelayer.com:8016250273866,closure,California Fair Isle Crew Sweater,,<not_applicable>,not_applicable,0.80,<unknown>,,,
shopify:www.everlane.com:7827412779094,occasion,Cowl Neck Twist Tank in Butterluxe | Graystone,"This tank features a draped cowl neckline created by a twisted shoulder detail. The slim fit keeps the silhouette clean, while the soft knit adds just enough structure to hold the shape. It’s an easy piece to dress up for summer evenings—ju",casual,labeled,0.80,<unknown>,,,
shopify:www.rothys.com:7597342785630,closure,The Crossbody Strap - Earthy Chevron,"The Crossbody Strap in Earthy Chevron Durably knit design in a light pink, green, and tan chevron pattern. Two end snap hooks make it easy to clip onto several styles, of which you will find plenty in The Bag Bar. Sturdy sliding buckle allo",buckle,labeled,0.80,<not_applicable>,,,
shopify:www.outdoorvoices.com:7585339179086,sleeve_length,Cross Back Dress,An A-line dress with a twist. Made in our breathable LightSpeed fabric featuring an open back with cross straps and a built-in shorts liner with hidden pockets.,<unknown>,unknown,1.00,sleeveless,,,
shopify:www.untuckit.com:7590240911438,pattern,Cotton Marguerite Midi Dress,"Stand out from the crowd this season in the always-chic Marguerite Midi Dress, with its spring-ready ikat print, cascading skirt, and sleek scoop-neck construction. We used a breathable, lightweight cotton and gave it a fully-lined body, el",<unknown>,unknown,0.80,abstract,,,
shopify:www.tentree.com:8143553757370,material,Blocked Banshee Hoodie,"This relaxed fit, cowl neck hoodie will keep you cozy wherever, whether that's on the top of a mountain or in front of a fireplace. Made from a thoughtful blend of organic cotton, recycled polyester, and TENCEL.",<unknown>,unknown,1.00,cotton,,,
shopify:fahertybrand.com:8021061730373,garment_category,Sunwashed Regenerative Tee - Blue Ravine Tie Dye,"Inspired by vintage T-shirts, this relaxed tee is made from a lightweight slub jersey that feels soft and breathable. Crafted from 100% regenerative organic cotton, each piece has subtle texture and natural variation that gives it a worn-in",shirt_blouse,labeled,0.60,top,,,
shopify:naadam.co:6642348556384,material,Silk Cashmere Midi Tank Dress,"The Silk Cashmere Midi Tank Dress is a slim-fitting dress with a midi length. It features a scoop neckline, side slit, and all-over ribbing. Crafted from a smooth, breathable blend of silk and cashmere.",<unknown>,unknown,0.60,cashmere,,,
shopify:naadam.co:7505740234848,details,Signature Cashmere Button Down Jumpsuit,"One and done. The Signature Cashmere Button Down Jumpsuit makes getting dressed effortless with a relaxed fit, jogger-length legs, and a button-front top finished with a drawstring waist. It’s crafted from 100% Signature Cashmere that feels",none,labeled,0.60,<unknown>,,,
shopify:www.rothys.com:7457824079966,occasion,The Convertible Clutch - Glitzy Gold,"The Convertible Clutch in Glitzy Gold Lightweight, versatile style in a shimmery gold metallic. Knit loops on each end allows you to clip on a Bag Strap . Convert it into crossbody style or shoulder bag. Fits your on-the-go essentials, from",<unknown>,unknown,0.80,casual,,,
shopify:www.thursdayboots.com:7539897925722,material,Union Bomber Jacket | Olive,"Product Features 6.5oz Cotton/Polyester Shell With Weather-Resistant Finish Quilted Lining, Insulated for Warmth & Comfort Ribbing At The Cuffs, Collar, and Waistband Long-Lasting Metal Zipper Twin Side Pockets With 100% Nylon Lining Hidden",<unknown>,unknown,0.60,cotton,,,
shopify:www.marinelayer.com:8175111438410,silhouette,Georgia Double Cloth Barrel Pant,,balloon,labeled,0.80,<unknown>,,,
shopify:www.tentree.com:8360514388154,collar_type,Grove Romper,The only thing more impressive than the quick-drying fabric of this casual romper with serious style? Its adjustable straps. It’s just so ridiculously easy (and comfy and stretchy!),<unknown>,unknown,0.80,<not_applicable>,,,
shopify:fahertybrand.com:8021099315269,pattern,Reserve Knit Blazer - Sand Shell Melange,"Tailored like a classic blazer but made from a soft, breathable knit blend, this style has structure with a more comfortable, flexible feel. Finished with a two-button front, patch pockets, and real horn buttons, it’s an easy way to look pu",<unknown>,unknown,1.00,solid,,,
shopify:www.thursdayboots.com:7539897925722,pattern,Union Bomber Jacket | Olive,"Product Features 6.5oz Cotton/Polyester Shell With Weather-Resistant Finish Quilted Lining, Insulated for Warmth & Comfort Ribbing At The Cuffs, Collar, and Waistband Long-Lasting Metal Zipper Twin Side Pockets With 100% Nylon Lining Hidden",<unknown>,unknown,1.00,solid,,,
shopify:www.tentree.com:8143571058874,details,Mountain Pass Full Zip Hoodie,For the days that start with a drive and end under the stars. This full-zip hoodie brings road trip energy wherever you go.,none,labeled,0.60,<not_applicable>,,,
shopify:fahertybrand.com:7055925870661,pattern,"Belt Loop All Day Shorts (9"") - Khaki","You know them, you love them, our All Day™ Shorts look perfectly tailored with a flat front style and have the water repellent technical performance of swimwear for increased movement and breathability. Each pair is crafted in our premium e",<unknown>,unknown,0.60,solid,,,
shopify:www.marinelayer.com:8213621735498,silhouette,Dakota Denim Barrel,,balloon,labeled,0.60,<unknown>,,,
shopify:fahertybrand.com:8021113339973,details,Voile Sundance Dress - Garden Whispers,"Made from 100% organic cotton voile, this maxi dress has a light, airy feel with a soft drape that moves easily. Designed with an off-shoulder neckline and a smocked bodice, it creates a flattering, easy shape that still feels relaxed. Fit:",<unknown>,unknown,0.60,gathered,,,
shopify:naadam.co:7163256864864,details,Luxe Cashmere Double Knit Blazer,"Timeless. The Super Luxe Cashmere Double Knit Blazer is an ultra-versatile layer with a classic fit. This polished knit is constructed with sport coat details like a notched collar, single-breasted button front, and patch pockets—but it’s c",<unknown>,unknown,0.60,none,,,
shopify:www.thursdayboots.com:6869689598042,details,[S] Captain | Black Matte,Product Features Black Matte Rugged & Resilient Leather Goodyear Welt Construction for Longevity Fully Lined Supple Glove Leather Interior Hardwearing Steel Shanks Poron® Antimicrobial Shock Absorbing Insoles Long-Lasting Kevlar® Blend Lace,lined|studded,labeled,1.00,lined,,,
shopify:www.everlane.com:7784911405142,sleeve_style,Cinched Dress in Stretch Linen | Bone,"A midi dress with a V-neckline and soft, dolman flutter sleeves, it features gathered detailing at the waist to create shape. Made from our stretch linen fabric, it balances structure and movement. Easy to wear with flat sandals for day or ",dolman,labeled,1.00,flutter,,,
shopify:www.thursdayboots.com:7786538008666,closure,Mary Jane | Black Patent,Product Features Black Patent Leather Adjustable Leather Strap With Metal Buckle Buttery Soft Leather Lining Comfortable Shock Absorbing Insoles Lightweight Rubber Outsole 10mm Heel With Anti-Slip Base Handcrafted With Integrity Shipping In,buckle,labeled,1.00,,,,
shopify:fahertybrand.com:7492251582533,material,Denim Michelle Short-Sleeve Jumpsuit - Cloudlight Wash,"Jumpsuits are always a favorite, and our newest utility-inspired silhouette is no exception. Designed with short sleeves, a button-front closure, and plenty of pockets, this piece blends vintage vibes with modern functionality. Crafted from",cotton,labeled,0.80,denim,,,
shopify:fahertybrand.com:7721860857925,waistline,Sunbeam Dress - Luna Mixed Print,"Easygoing and full of charm, this standout maxi dress is designed for warm days and relaxed moments. The smocked waistband adds a hint of shape, while the tiered skirt and delicate drawcord details at the straps and waist bring a subtle, ro",normal,labeled,0.60,<unknown>,,,
shopify:www.tentree.com:8143540322490,fit,Vista Sweater,"Combine oversized drop shoulders, a functional quarter zip and ribbed detailing with 100% organic cotton and what do you get? A sweater that's great for your closet and the environment.",oversized,labeled,1.00,,,,
shopify:www.everlane.com:7864340643926,garment_length,Lightweight Terry Long Shorts | Velvet Morning Garment Dye,"Taking a style cue from classic basketball shorts, this mid-rise short has a relaxed, baggy fit and hits just below the knee. The elastic waistband makes it easy to pull on, while side seam pockets add everyday function. Made from a soft, b",knee,labeled,0.80,,,,
shopify:www.everlane.com:7827412353110,pattern,Pull-On Balloon Pant | Trench Coat Khaki,"This pull-on cotton pant features a relaxed barrel silhouette that tapers softly through the leg. Made with lightweight organic cotton, it's breathable and airy, while the elastic waistband with a front tie gives added ease. Comfortable but",<unknown>,unknown,0.80,solid,,,
shopify:www.marinelayer.com:8213617147978,closure,Dream Jersey Puff Sleeve Tee,,<unknown>,unknown,0.80,pullover,,,
shopify:www.girlfriend.com:7844788174911,neckline,Black Tabitha Wrap Tank,,<unknown>,unknown,0.60,wrap,,,
shopify:www.american-giant.com:8053412757685,neckline,Women's Wrap Dress - Tibetan Red,Women's Wrap Dress,<unknown>,unknown,1.00,wrap,,,
shopify:www.thursdayboots.com:7444713570394,colour_primary,Cobbler's Choice Leather Cleaner + Brush Bundle,Product Features Includes Leather Cleaner & Shoe Brush Designed To Clean Your Leather Goods Instructions on Label 6 oz. Bottle Assembled in the USA Cobbler's Choice Brand Shipping Info Domestic shipping: 2-6 business days International ship,<not_applicable>,not_applicable,0.60,<unknown>,,,
shopify:www.everlane.com:7830716153942,garment_length,Everyday Chino Short 7” | Trench Coat Khaki,"Slant front pockets, back welts with button closure, and a clean fit that works with everything. Wear them with a tee, a polo, or a button-down. Easy, versatile, done.",above_knee,labeled,0.60,<unknown>,,,
shopify:www.everlane.com:7760661413974,occasion,Relaxed Mid-Rise Bootcut Jean | Light Vintage Indigo,"This mid-rise jean has a softer boot flare shape with a lightweight feel that still holds its shape. Made from organic cotton, of course.",<unknown>,unknown,0.80,casual,,,
shopify:www.american-giant.com:7285758001333,collar_type,Women's Flex Dress - Meteorite,Our take on the timeless fit and flare dress that’s been a classic dress for close to a century. Square neckline with generous coverage. Custom stretch knit through the bodice comfortably holds you in and flares out at the bottom to give yo,<unknown>,unknown,0.80,none,,,
shopify:naadam.co:7505739645024,details,Signature Cashmere One Shoulder Dress,"An easy drape. The Signature Cashmere One Shoulder Dress is made from midweight 100% signature cashmere with a relaxed fit and ankle-grazing length. Minimal effort, maximum elegance.",<unknown>,unknown,0.80,none,,,
shopify:www.tentree.com:8143553757370,closure,Blocked Banshee Hoodie,"This relaxed fit, cowl neck hoodie will keep you cozy wherever, whether that's on the top of a mountain or in front of a fireplace. Made from a thoughtful blend of organic cotton, recycled polyester, and TENCEL.",<not_applicable>,not_applicable,0.40,<unknown>,,,
shopify:www.everlane.com:7784909144150,pattern,RetroSoft Cotton Square-Neck Tee | Navy,"Giving a ‘90s silhouette a reboot, this square-neck tee pairs a slim, shrunken fit with clean cap sleeves. Made with certified organic ribbed cotton to keep you cool and comfy. The kind of top that works hard in rotation, whether tucked int",<unknown>,unknown,0.80,solid,,,
shopify:www.taylorstitch.com:6865636294733,occasion,The Workhorse Jacket in Coal Chipped Canvas,The Workhorse Jacket in Coal Chipped Canvas from Taylor Stitch 12.5-oz. 100% organic cotton canvas. Custom developed for Taylor Stitch. 8.5-oz. 100% organic cotton corduroy on collar and inside cuffs. 7-oz. 100% organic cotton brushed pocke,work,labeled,1.00,casual,,,
shopify:www.american-giant.com:8226070954165,pattern,Men's Broken-In Premium Slub Henley - Washed Dark Charcoal,Premium Slub Henley T,<unknown>,unknown,0.60,solid,,,
shopify:www.everlane.com:7859754434646,sleeve_style,Cinched Dress in Stretch Linen | Henna Red,"A midi dress with a V-neckline and soft, dolman flutter sleeves, it features gathered detailing at the waist to create shape. Made from our stretch linen fabric, it balances structure and movement. Easy to wear with flat sandals for day or ",dolman,labeled,0.80,flutter,,,
shopify:naadam.co:6642346295392,material,Baby Rib Slip Dress,"You’re not naked…but it feels pretty close. The Baby Rib Slip Dress is an effortlessly-sexy midi with a body con fit and a next-to-naked feel. It features a scoop neckline, tank top straps, and side slits. Crafted with modal: a lightweight,",<unknown>,unknown,0.60,synthetic,,,
shopify:www.everlane.com:7841452032086,details,Lace Knit Maxi Sweater Dress | Henna Red,"Your most dressy summer vacation dress or the perfect option for wedding season, this V-neck maxi dress features an intricate lace knit pattern across the full silhouette. A seam above the knee shifts the stitch, creating a subtle flare thr",none,labeled,0.80,lined,,,
shopify:www.everlane.com:7810423160918,neckline,Notch Collar Shirt in Silk Georgette | Navy,"Meet your new go-to short-sleeve shirt. With its V-neckline and notch collar, it has gentle gathers at the cuffs and is finished with picot-edge embroidery. Made with a lightweight silk georgette with a crepey feel and fluid drape, for easy",v_neck,labeled,1.00,,,,
shopify:www.everlane.com:7784911372374,pattern,Cinched Dress in Stretch Linen | Estate Blue,"A midi dress with a V-neckline and soft, dolman flutter sleeves, it features gathered detailing at the waist to create shape. Made from our stretch linen fabric, it balances structure and movement. Easy to wear with flat sandals for day or ",<unknown>,unknown,1.00,solid,,,
shopify:fahertybrand.com:8021113274437,closure,Sophia Smocked Dress - Coastal Bloom,"Designed with an easy, flattering shape, this sleeveless dress features a fully smocked bodice with a soft scoop neckline and a gently flared skirt. Made from a smooth, lightweight fabric that moves naturally, it feels comfortable and breat",<unknown>,unknown,1.00,,,,
shopify:www.everlane.com:7827412779094,material,Cowl Neck Twist Tank in Butterluxe | Graystone,"This tank features a draped cowl neckline created by a twisted shoulder detail. The slim fit keeps the silhouette clean, while the soft knit adds just enough structure to hold the shape. It’s an easy piece to dress up for summer evenings—ju",<unknown>,unknown,0.60,synthetic,,,
shopify:www.outdoorvoices.com:7707170766926,waistline,Candy Fleece Vest,Vest in new OV fabric Candy Fleece—an Italian wool-blend fleece that has a natural and warm handfeel. Designed with contrast technical nylon side panels that double up as 2 front pockets with zippers featuring pullers with silicone tips. Ve,<unknown>,unknown,0.60,<not_applicable>,,,
shopify:www.thursdayboots.com:7444713570394,occasion,Cobbler's Choice Leather Cleaner + Brush Bundle,Product Features Includes Leather Cleaner & Shoe Brush Designed To Clean Your Leather Goods Instructions on Label 6 oz. Bottle Assembled in the USA Cobbler's Choice Brand Shipping Info Domestic shipping: 2-6 business days International ship,<not_applicable>,not_applicable,0.80,<unknown>,,,
shopify:www.girlfriend.com:7844788469823,neckline,Eucalyptus Tabitha Wrap Tank,,<unknown>,unknown,1.00,wrap,,,
shopify:www.american-giant.com:8226070954165,neckline,Men's Broken-In Premium Slub Henley - Washed Dark Charcoal,Premium Slub Henley T,collarless,labeled,0.80,<unknown>,,,
shopify:fahertybrand.com:7721860857925,details,Sunbeam Dress - Luna Mixed Print,"Easygoing and full of charm, this standout maxi dress is designed for warm days and relaxed moments. The smocked waistband adds a hint of shape, while the tiered skirt and delicate drawcord details at the straps and waist bring a subtle, ro",tiered,labeled,1.00,,,,
shopify:www.everlane.com:7793247748182,colour_primary,Forever Jersey Cropped Tee | Burnished Lilac,"Cut from regenerative cotton with a cropped length that hits just right. Oversized through the body with dropped shoulders and a relaxed crew neckline. Medium weight with a soft, lived-in feel from the first wear. Pair it with high-waisted ",purple,labeled,0.60,pink,,,
shopify:www.untuckit.com:7625422176334,pattern,Performance Short-Sleeve Ireton Shirt - FINAL SALE,"The ultimate warm-weather shirt does exist—and you’ve found it. This style does it all: wicks sweat, stretches to your comfort, and resists wrinkling all day. The sun-ready print is ideal for warmer weather, and the perfect-length sleeves w",geometric,labeled,1.00,,,,
shopify:fahertybrand.com:8133911969861,sleeve_length,Jalen Brunson High Standard Fleece Hoodie - Antique Ivory Heather,"e teamed up with Jalen Brunson on a small collection of everyday styles built around one idea: show up, do the work, repeat. Classic Faherty craftsmanship and Jalen's off-court style come together in relaxed fits and quality materials that ",long,labeled,0.80,<unknown>,,,
shopify:www.everlane.com:7859754926166,pattern,Mini Shift Dress in Stretch Linen | Passion Fruit,Made from stretch linen that's breathable and comfortable. Dress it up or down—it’s ready for both.,<unknown>,unknown,1.00,solid,,,
shopify:www.american-giant.com:8148012171445,pattern,Men's Waffle Yoke Henley Tee - Dark Charcoal,Men's Waffle Yoke Henley Tee,<unknown>,unknown,1.00,solid,,,
shopify:www.tentree.com:8322436235450,sleeve_length,Denim Nova Overall,"The epitome of throw it on and go, these denim overalls keep comfort close with a double-V neckline, perfectly placed pockets, and organic cotton that’s so soft you’ll want to spend your whole day in these.",<unknown>,unknown,1.00,sleeveless,,,
shopify:fahertybrand.com:8021115863109,colour_primary,Faherty x Quiksilver Heavy Wash Tee - Bright Sun,"Part of our collaboration with Quiksilver, this oversized, relaxed tee is made from a soft blend of organic and recycled cotton with a broken-in feel from the first wear. Garment-dyed for a vintage, sun-faded look that softens over time, it",<unknown>,unknown,0.80,yellow,,,
shopify:fahertybrand.com:8021115863109,sleeve_style,Faherty x Quiksilver Heavy Wash Tee - Bright Sun,"Part of our collaboration with Quiksilver, this oversized, relaxed tee is made from a soft blend of organic and recycled cotton with a broken-in feel from the first wear. Garment-dyed for a vintage, sun-faded look that softens over time, it",set_in,labeled,0.80,<unknown>,,,
shopify:www.everlane.com:7809976303702,sleeve_length,Maxi Dress in Silk Georgette | Floral/Black,"This sleeveless maxi dress features a front surplice neckline with a paneled skirt that adds volume and flow. Designed with tuck and gather detailing at the shoulder and waist, it has a tie-back detail for an adjustable fit. Made with our s",<not_applicable>,not_applicable,0.80,sleeveless,,,
shopify:www.thursdayboots.com:7456315474010,pattern,Roadrunner | Sand,Product Features Sand Suede Stitchout Construction for Longevity Hand-Stitched Moccasin Toe Fully Lined Supple Glove Leather Interior Comfortable Shock Absorbing Insoles Premium Flat Waxed Cotton Laces Fully Gusseted Tongue Genuine Crepe Ou,<unknown>,unknown,0.80,solid,,,
shopify:www.everlane.com:7827412713558,material,Cowl Neck Twist Tank in Butterluxe | Black,"This tank features a draped cowl neckline created by a twisted shoulder detail. The slim fit keeps the silhouette clean, while the soft knit adds just enough structure to hold the shape. It’s an easy piece to dress up for summer evenings—ju",knit,labeled,0.60,synthetic,,,
shopify:www.everlane.com:7859025248342,pattern,Bubble-Sleeve Mini Dress in Cotton Silk Voile | Bone,"A mini dress with sculpted bubble sleeves and V-necklines at the front and back. A center front seam and French darts give shape to the body. Made with organic cotton and Bluesign®-certified silk voile and fully lined, it has an airy feel w",<unknown>,unknown,0.80,solid,,,
shopify:www.everlane.com:7859834552406,silhouette,Godet Mini Skirt in Cotton Silk | Mayfly,A mini skirt with godet panels that bring movement and a more defined silhouette.,flare,labeled,0.60,<unknown>,,,
shopify:www.untuckit.com:7713739178062,details,Wool Topcoat - FINAL SALE,"Worn over a pullover on the weekend or a sport coat during the week, this sharp third layer is essential this time of year. It's made with supersoft wool blend with a notch lapel and the perfect length that won't get caught in your car door",none,labeled,0.80,,,,
shopify:naadam.co:6619043692640,collar_type,Cashmere Shoulder Cut Out Turtleneck,"Cold shoulders aren't always a bad thing. The Cashmere Shoulder Cut Out Turtleneck features a high neck, ribbing at the cuffs and hem and a peek-a-boo shoulder that's as chic as it is sultry. Wear it with slacks or your favorite jeans, this",<unknown>,unknown,0.80,none,,,
shopify:www.rothys.com:7597343113310,pattern,The Travel Duffel - Forest,"The Travel Duffel in Forest Lightweight, durable design in olive green . Spacious coral interior fits everything you need for the perfect weekend away. Exterior zip pocket and interior slip pocket for your phone, wallet, keys. Durable, comf",camouflage,labeled,1.00,<unknown>,,,
shopify:naadam.co:4705777320032,collar_type,Signature Cashmere Turtleneck Dress with Slits,"Sophisticated ease. The Signature Cashmere Turtleneck Dress features a body-skimming silhouette with a side slit for ease and movement. Crafted from 100% Signature Cashmere that’s breathable, refined, and endlessly flattering.",<unknown>,unknown,1.00,none,,,
shopify:www.everlane.com:7859025281110,collar_type,Bubble-Sleeve Mini Dress in Cotton Silk Voile | Estate Blue,"A mini dress with sculpted bubble sleeves and V-necklines at the front and back. A center front seam and French darts give shape to the body. Made with organic cotton and Bluesign®-certified silk voile and fully lined, it has an airy feel w",<unknown>,unknown,0.60,none,,,
shopify:www.tentree.com:8143564505274,neckline,Dalton Sweater,"Your cold weather essential has arrived. Blending recycled polyester, organic cotton, and sustainably sourced wool, this henley is soft and versatile — ideal for layering or standing strong on its own.",collarless,labeled,1.00,<unknown>,,,
shopify:www.outdoorvoices.com:7821252886606,details,Polka Tee,Baby Tee in polka dot print with lettuce edge finish and contrast lilac stitching at back shoulder.,<unknown>,unknown,0.80,none,,,
shopify:www.outdoorvoices.com:7875605135438,fit,Club Dress,"Your favorite Exercise Dress refreshed. The Club Dress is made in the same performance fabric LightSpeed as our original exercise dress—lightweight, breathable, and built to move. The Club Dress features a picot trim at the neckline and hem",regular,labeled,0.80,<unknown>,,,
shopify:naadam.co:6620058484832,collar_type,Mixed Media Puffer Vest,"This sleek vest is the perfect layer when you need a little added warmth, and a lot of added style. The hood, drawstrings, and zip front give the illusion of layering without the extra weight. Throw this over a cashmere sweater for an effor",hooded,labeled,1.00,,,,
shopify:naadam.co:6642348490848,collar_type,Silk Cashmere Cutout Turtleneck,"The Silk Cashmere Reversible Turtleneck is a slim-fitting statement top with a classic length. It features a wide cutout that can be worn in the front or back, long sleeves, and all-over ribbing. Crafted from a smooth, breathable blend of s",<unknown>,unknown,0.60,none,,,
shopify:www.outdoorvoices.com:7827443744846,colour_primary,Flared Legging,"Flared Legging in Cotton Candy — an ultra-soft brushed cotton blend with supportive stretch and gentle hold. The Flared Legging has an extra-tall waistband that can be folded over for a customizable fit, letting you wear it mid-rise or low-",pink,labeled,1.00,,,,
shopify:www.untuckit.com:7717619236942,collar_type,Textured Merino Wool Quarter-Zip Sweater - FINAL SALE,"Customers love our essential quarter-zips, we made a limited holiday edition with an extra cozy texture. It's the perfect gift for that special someone—and yourself. Made from 100% breathable wool, this quarter-zip sweater naturally regulat",<not_applicable>,not_applicable,0.60,<unknown>,,,
shopify:www.thursdayboots.com:7848748941402,details,Handbag Hook | Silver Heart,"Product Features Stylish Metal Handbag Hook In Silver Heart Shape Safely Holds Your Favorite Handbag Off The Ground Foldable Design Makes It Perfect For Being On The Go Supports Up To 10 lbs Size: 3"" H x 2.5"" W x 3/16"" D Hook Drop: 4-7/8"" S",<unknown>,unknown,0.60,none,,,
shopify:fahertybrand.com:8021113274437,garment_length,Sophia Smocked Dress - Coastal Bloom,"Designed with an easy, flattering shape, this sleeveless dress features a fully smocked bodice with a soft scoop neckline and a gently flared skirt. Made from a smooth, lightweight fabric that moves naturally, it feels comfortable and breat",<unknown>,unknown,0.60,maxi,,,
shopify:www.tentree.com:8143540322490,occasion,Vista Sweater,"Combine oversized drop shoulders, a functional quarter zip and ribbed detailing with 100% organic cotton and what do you get? A sweater that's great for your closet and the environment.",<unknown>,unknown,0.60,casual,,,
shopify:naadam.co:6642348556384,sleeve_length,Silk Cashmere Midi Tank Dress,"The Silk Cashmere Midi Tank Dress is a slim-fitting dress with a midi length. It features a scoop neckline, side slit, and all-over ribbing. Crafted from a smooth, breathable blend of silk and cashmere.",<not_applicable>,not_applicable,0.60,sleeveless,,,
shopify:www.american-giant.com:8226070954165,garment_category,Men's Broken-In Premium Slub Henley - Washed Dark Charcoal,Premium Slub Henley T,shirt_blouse,labeled,1.00,top,,,
shopify:www.everlane.com:7784911405142,sleeve_length,Cinched Dress in Stretch Linen | Bone,"A midi dress with a V-neckline and soft, dolman flutter sleeves, it features gathered detailing at the waist to create shape. Made from our stretch linen fabric, it balances structure and movement. Easy to wear with flat sandals for day or ",<unknown>,unknown,1.00,short,,,
shopify:www.everlane.com:7760660955222,pattern,Way-High® A-Line Denim Short | Tungsten Rinse,"This high-rise A-line short keeps the classic five-pocket look with an updated, even-better fit. Made from rigid, 100% organic cotton denim. Easy, flattering, and endlessly wearable.",<unknown>,unknown,0.80,solid,,,
shopify:www.taylorstitch.com:7355710931021,material,The Button Down Polo in Cilantro Herringbone,The Button Down Polo in Cilantro Herringbone from Taylor Stitch 100% organic cotton. 14 gauge yarns. Herringbone knit construction on the body and sleeves. Flat rib knit collar. 1x1 rib on sleeve and bottom opening. Straight hem. Hand wash ,cotton,labeled,1.00,,,,
shopify:www.untuckit.com:7590178553934,waistline,Cotton Gauze Flutter Sleeve Arya Dress,"There's nothing like a bright colorful dress to make a statement this season. With a breezy flutter sleeve design, popover construction, and boldly vibrant geoprint, the Arya Dress is the best way to bloom open and greet warmer days. Pair i",<unknown>,unknown,1.00,,,,
shopify:www.everlane.com:7864339660886,pattern,Lightweight Terry Long Shorts | Parchment,"Taking a style cue from classic basketball shorts, this mid-rise short has a relaxed, baggy fit and hits just below the knee. The elastic waistband makes it easy to pull on, while side seam pockets add everyday function. Made from a soft, b",<unknown>,unknown,1.00,solid,,,
shopify:www.taylorstitch.com:7454613602381,colour_primary,The Eastmoor Sweater in Navy Fair Isle Wool,The Eastmoor Sweater in Navy Fair Isle Wool from Taylor Stitch 100% Responsible Wool Standard (RWS) wool. 5 gauge yarns. Jersey construction. Single layer 2x2 rib at cuffs and bottom opening. Double layer 2x2 rib at neck opening. Hand wash ,blue,labeled,0.60,navy,,,
shopify:www.taylorstitch.com:7115852349517,pattern,The Mariner Coat in Dark Navy Wool,"The Mariner Coat in Dark Navy Wool from Taylor Stitch 19-oz. 72% wool, 28% nylon. 6-oz. 100% organic cotton chambray body lining. 2.5-oz. 100% viscose sleeve lining. Double-breasted, six-button front. Two double-welt hand warmer pockets lin",<unknown>,unknown,1.00,solid,,,
shopify:www.everlane.com:7809976303702,occasion,Maxi Dress in Silk Georgette | Floral/Black,"This sleeveless maxi dress features a front surplice neckline with a paneled skirt that adds volume and flow. Designed with tuck and gather detailing at the shoulder and waist, it has a tie-back detail for an adjustable fit. Made with our s",formal,labeled,0.60,<unknown>,,,
shopify:www.everlane.com:7859834552406,details,Godet Mini Skirt in Cotton Silk | Mayfly,A mini skirt with godet panels that bring movement and a more defined silhouette.,<unknown>,unknown,1.00,none,,,
shopify:www.american-giant.com:7285758001333,colour_primary,Women's Flex Dress - Meteorite,Our take on the timeless fit and flare dress that’s been a classic dress for close to a century. Square neckline with generous coverage. Custom stretch knit through the bodice comfortably holds you in and flares out at the bottom to give yo,<unknown>,unknown,1.00,grey,,,
shopify:fahertybrand.com:6900366082117,pattern,"Belt Loop All Day Shorts (7"") - Turquoise Sky","You know them, you love them, our All Day™ Shorts look perfectly tailored with a flat front style and have the water repellant technical performance of swimwear for increased movement and breathability. Each pair is crafted in our premium e",<unknown>,unknown,0.60,solid,,,
shopify:fahertybrand.com:6900366082117,details,"Belt Loop All Day Shorts (7"") - Turquoise Sky","You know them, you love them, our All Day™ Shorts look perfectly tailored with a flat front style and have the water repellant technical performance of swimwear for increased movement and breathability. Each pair is crafted in our premium e",<unknown>,unknown,0.60,none,,,
shopify:fahertybrand.com:8021113274437,details,Sophia Smocked Dress - Coastal Bloom,"Designed with an easy, flattering shape, this sleeveless dress features a fully smocked bodice with a soft scoop neckline and a gently flared skirt. Made from a smooth, lightweight fabric that moves naturally, it feels comfortable and breat",<unknown>,unknown,0.60,gathered,,,
shopify:www.taylorstitch.com:7307482660941,sleeve_style,The Mariner Shawl Cardigan in Ink Slub,"The Mariner Shawl Cardigan in Ink Slub from Taylor Stitch 100% BCI cotton. 5 gauge yarns. Half cardigan rib knit construction. Racking stitch detailing on shawl collar, placket, yoke, welts, above cuff, and bottom opening. 2x1 rib featured ",<unknown>,unknown,1.00,,,,
shopify:www.everlane.com:7784909111382,pattern,RetroSoft Cotton Square-Neck Tee | Bone,"Giving a ‘90s silhouette a reboot, this square-neck tee pairs a slim, shrunken fit with clean cap sleeves. Made with certified organic ribbed cotton to keep you cool and comfy. The kind of top that works hard in rotation, whether tucked int",<unknown>,unknown,0.60,solid,,,
shopify:www.rothys.com:7597342687326,closure,The Crossbody Strap - Khaki Stripe,"The Crossbody Strap in Khaki Stripe Durably knit design in tan and black stripes. Two end snap hooks make it easy to clip onto several styles, of which you will find plenty in The Bag Bar. Sturdy sliding buckle allows you to adjust the stra",buckle,labeled,0.60,<not_applicable>,,,
shopify:www.tentree.com:8360521302202,silhouette,Overlook Dress,"With a flattering bodice, flowy skirt, and hidden pockets, the Overlook Dress is one of our top picks for the sunny season. Plus, it's as soft on the planet as it is on you.",fit_and_flare,labeled,0.60,<unknown>,,,
shopify:www.everlane.com:7859024199766,pattern,Gauze Smocked Mini Dress | Black,"This mini dress features a square neckline with a smocked bodice that offers a close, flexible fit through the top. It has adjustable straps and a softly defined V-waist for shape. The bow-tie keyhole back adds a playful touch. Made with ou",<unknown>,unknown,0.60,solid,,,
shopify:www.everlane.com:7855403958358,collar_type,Cowl Neck Mini Dress | Black,"This double-layer mini dress has a soft, draped neckline that falls into a shallow cowl at the front and a deeper cowl at the back. Slim through the hips before flowing straight, it keeps the silhouette clean while letting the drape do the ",<unknown>,unknown,0.80,none,,,
shopify:www.everlane.com:7859755483222,details,The Shift Dress in Stretch Linen | Skywriting,"An easy throw-on-and-go style, it’s made with a stretch linen fabric with just the right amount of drape. Perfect for brunch dates or warm weather walks with the girls, just pair with your favorite flat sandals and head straight out.",<unknown>,unknown,0.80,none,,,
shopify:www.thursdayboots.com:7593556967514,details,Cobbler's Choice Dauber Brush Bundle | Brown + Tan,Product Features Includes 1 Tan and 1 Brown Dauber Brush Applies Leather Creams and Polishes Premium Horsehair Bristles Solid Grooved Wood Handle Handcrafted with Integrity Shipping Info Domestic shipping: 2-6 business days International sh,<not_applicable>,not_applicable,0.40,none,,,
shopify:www.untuckit.com:7713737605198,garment_length,Wrinkle-Free Daltrey Shirt - FINAL SALE,"Ditch your iron and make the most of the season. This Wrinkle-Free button-down comes out of the dryer crease-free and ready to wear. It combines fine shirt details—a polished button-down collar, single-needle side seams, and structured cuff",<unknown>,unknown,1.00,,,,
shopify:www.everlane.com:7825077862486,colour_primary,Open-Knit Tunic Vest in Elevated Cotton | Peyote,"A tunic-style vest that leans more warm-weather layer than sweater. With a wide boat neckline and sleeveless silhouette, it offers subtle shoulder coverage. Hitting below the hip, it creates an easy, relaxed line through the body. Made with",white,labeled,1.00,beige,,,
shopify:www.everlane.com:7784908357718,silhouette,Scoop-Neck Midi Dress in Pointelle Knit | Olive Night,"This scoop U-neckline midi dress features a close, contoured fit with a center-back seam to add shape to the silhouette. Made with our pointelle fabric for subtle texture and breathability, it’s an easy warm-weather dress you'll live in all",bodycon,labeled,1.00,<unknown>,,,
shopify:www.untuckit.com:7591950647374,closure,Stretch Cotton Short-Sleeve Coldwell Shirt,"Refresh your vacation look and get ready for warmer days ahead with our latest short-sleeve button-down. It has an extra trick up its sleeve: We made this insanely comfortable style from organic cotton, then added a hint of stretch and an e",<unknown>,unknown,1.00,single_breasted,,,
shopify:www.everlane.com:7841452064854,pattern,Lace Knit Maxi Sweater Dress | Bone,"Your most dressy summer vacation dress or the perfect option for wedding season, this V-neck maxi dress features an intricate lace knit pattern across the full silhouette. A seam above the knee shifts the stitch, creating a subtle flare thr",<unknown>,unknown,1.00,solid,,,
shopify:www.outdoorvoices.com:7707170766926,collar_type,Candy Fleece Vest,Vest in new OV fabric Candy Fleece—an Italian wool-blend fleece that has a natural and warm handfeel. Designed with contrast technical nylon side panels that double up as 2 front pockets with zippers featuring pullers with silicone tips. Ve,<unknown>,unknown,0.80,none,,,
shopify:www.everlane.com:7830716153942,pattern,Everyday Chino Short 7” | Trench Coat Khaki,"Slant front pockets, back welts with button closure, and a clean fit that works with everything. Wear them with a tee, a polo, or a button-down. Easy, versatile, done.",<unknown>,unknown,1.00,solid,,,
shopify:www.tentree.com:8143553757370,garment_category,Blocked Banshee Hoodie,"This relaxed fit, cowl neck hoodie will keep you cozy wherever, whether that's on the top of a mountain or in front of a fireplace. Made from a thoughtful blend of organic cotton, recycled polyester, and TENCEL.",sweater,labeled,0.80,top,,,
shopify:www.thursdayboots.com:7593561751642,colour_primary,Cobbler's Choice Premium Welt Brush | Tan,Product Features Brushes Away Hard to Reach Dirt and Dust Around the Welt of the Boot Premium Horsehair Bristles Solid Grooved Wood Handle Handcrafted with Integrity Shipping Info Domestic shipping: 2-6 business days International shipping ,beige,labeled,1.00,brown,,,
shopify:www.american-giant.com:10297736462517,details,Women's Luxe Rib Turtleneck - Purple Velvet,,<unknown>,unknown,0.80,none,,,
shopify:fahertybrand.com:8021114355781,closure,Sunbeam Dress - Spellbound Coastal Stripe,"Lightweight and easy with a soft, fluid drape, this sleeveless dress is made for warm days and effortless wear. Designed with a smocked waist, adjustable drawcord details, and a tiered skirt, it creates a flattering shape while still feelin",drawstring,labeled,0.80,<unknown>,,,
shopify:www.untuckit.com:7713737605198,sleeve_length,Wrinkle-Free Daltrey Shirt - FINAL SALE,"Ditch your iron and make the most of the season. This Wrinkle-Free button-down comes out of the dryer crease-free and ready to wear. It combines fine shirt details—a polished button-down collar, single-needle side seams, and structured cuff",long,labeled,0.80,<unknown>,,,
shopify:www.thursdayboots.com:7442149146714,pattern,[S] Cadet | Mocha,Product Features Mocha WeatherSafe™ Suede Goodyear Welt Construction for Longevity Fully Lined Supple Glove Leather Interior Premium Flat Waxed Cotton Laces Custom Developed Reinforced Eyelets Comfortable Shock Absorbing Insoles Cork-Bed Mi,<unknown>,unknown,0.80,solid,,,
shopify:www.taylorstitch.com:7115853234253,colour_primary,The Cascade Shawl Cardigan in Heather Marine,"The Cascade Shawl Cardigan in Heather Marine from Taylor Stitch 100% RWS merino wool. 1.5 gauge yarns. Cable knit construction. 2x2 rib featured on shawl collar, placket, cuffs, pocket, and bottom opening. Shawl collar. Raglan sleeve. Two l",navy,labeled,0.80,blue,,,
shopify:www.american-giant.com:8148012171445,closure,Men's Waffle Yoke Henley Tee - Dark Charcoal,Men's Waffle Yoke Henley Tee,<unknown>,unknown,0.60,pullover,,,
shopify:naadam.co:7505740300384,collar_type,Super Luxe Cashmere Fair Isle Turtleneck Sweater,"Pattern meets plush. The Super Luxe Cashmere Fair Isle Turtleneck Sweater pairs luxurious softness with a modern graphic knit. It features a relaxed shape and classic length, crafted from our heavyweight 100% cashmere. This turtleneck is wi",<unknown>,unknown,0.60,none,,,
shopify:fahertybrand.com:7784145322053,closure,Chunky Indigo Cardigan - Windcliff Indigo Wash,"The kind of cardigan that feels like it was built for cabin weekends and slow mornings. Knit from chunky cotton yarns, it’s substantial without being stifling — rugged, breathable, and soft enough to live in. Fit: Classic Fit, Length 27 1/2",<unknown>,unknown,0.80,single_breasted,,,
shopify:naadam.co:7505740759136,occasion,Super Fine Cashmere Sleeveless Turtleneck Dress,"An elegant shift. The Super Fine Cashmere Sleeveless Turtleneck Dress is made from lightweight 100% cashmere with a slim fit and ankle length. Minimalist, breathable, and effortlessly refined.",formal,labeled,1.00,<unknown>,,,
shopify:www.everlane.com:7855404253270,fit,Luxe Rib V-Neck Henley | Black,"A henley with a little extra. It features elbow-length sleeves, a clean V neckline, and a slim, easy fit. Non-functional buttons run along the neckline trim, with only the center front buttons designed to open—adding detail without changing",regular,labeled,1.00,<unknown>,,,
shopify:www.thursdayboots.com:7539894583386,collar_type,Union Bomber Jacket | Navy,"Product Features 6.5oz Cotton/Polyester Shell With Weather-Resistant Finish Quilted Lining, Insulated for Warmth & Comfort Ribbing At The Cuffs, Collar, and Waistband Long-Lasting Metal Zipper Twin Side Pockets With 100% Nylon Lining Hidden",band,labeled,0.60,<unknown>,,,
shopify:fahertybrand.com:7492251582533,closure,Denim Michelle Short-Sleeve Jumpsuit - Cloudlight Wash,"Jumpsuits are always a favorite, and our newest utility-inspired silhouette is no exception. Designed with short sleeves, a button-front closure, and plenty of pockets, this piece blends vintage vibes with modern functionality. Crafted from",<unknown>,unknown,1.00,single_breasted,,,
shopify:www.everlane.com:7827422478422,material,Halter Tank | White,"Fully lined and made from a substantial knit, this top is comfortable enough to wear without a bra. Sleek, modern, and confidence-boosting.",synthetic,labeled,0.40,knit,,,
shopify:fahertybrand.com:7653184962629,garment_length,Knit Blazer - Charcoal Cliff,"The kind of blazer that doesn’t just hang in your closet—it earns its spot. Knit from premium Portuguese fabric, this one feels more like your favorite sweater than a boardroom uniform. It’s soft, stretchy, and cut with just enough structur",<unknown>,unknown,1.00,hip,,,
shopify:www.everlane.com:7810433941590,colour_primary,Notch Collar Shirt in Silk Georgette | Gardenia/Black Micro Dot,"Meet your new go-to short-sleeve shirt. With its V-neckline and notch collar, it has gentle gathers at the cuffs and is finished with picot-edge embroidery. Made with a lightweight silk georgette with a crepey feel and fluid drape, for easy",multicolour,labeled,1.00,black,,,
shopify:www.untuckit.com:7663366832206,colour_primary,Stretch Cotton Lauren Shirt Dress,"Fall doesn’t start until you slip on this fun, flattering shirt dress. The just-right length works for any event, from an office party to a weekend getaway. Plus, the cotton blend fabric has just enough stretch to keep you comfortable all d",beige,labeled,1.00,<unknown>,,,
shopify:naadam.co:6642346295392,sleeve_style,Baby Rib Slip Dress,"You’re not naked…but it feels pretty close. The Baby Rib Slip Dress is an effortlessly-sexy midi with a body con fit and a next-to-naked feel. It features a scoop neckline, tank top straps, and side slits. Crafted with modal: a lightweight,",<unknown>,unknown,0.80,<not_applicable>,,,
shopify:www.everlane.com:7855403958358,pattern,Cowl Neck Mini Dress | Black,"This double-layer mini dress has a soft, draped neckline that falls into a shallow cowl at the front and a deeper cowl at the back. Slim through the hips before flowing straight, it keeps the silhouette clean while letting the drape do the ",<unknown>,unknown,0.80,solid,,,
shopify:www.everlane.com:7784911405142,collar_type,Cinched Dress in Stretch Linen | Bone,"A midi dress with a V-neckline and soft, dolman flutter sleeves, it features gathered detailing at the waist to create shape. Made from our stretch linen fabric, it balances structure and movement. Easy to wear with flat sandals for day or ",<unknown>,unknown,0.80,none,,,
shopify:naadam.co:7646452056160,details,Signature Cashmere Three-Quarter Sleeve Cardigan,"The Signature Cashmere Three-Quarter Sleeve Cardigan is an easy three-quarter sleeve cardigan with a refined silhouette and effortless drape. Made from Signature Cashmere: smooth, durable, and richly soft with just the right weight. The lay",<unknown>,unknown,0.80,none,,,
shopify:naadam.co:6620058386528,pattern,The Sustainable Puffer,"Classic style, low impact. The Sustainable Puffer is an essential cold-weather coat with a classic fit and butt-covering length. It features everything you’d want in a puffer: a water-resistant shell, detachable hood, layered wristbands wit",<unknown>,unknown,1.00,solid,,,
shopify:fahertybrand.com:7876140564549,details,Coastal Poplin Bondhi Dress - Black,"Crafted from organic cotton, this coastal poplin is tightly woven to hold rich, saturated color while maintaining a lightweight feel, holding its shape without stiffness and washed for a soft, lived-in finish. Designed with a softly shirred",pleated|washed|cutout,labeled,0.40,pleated|washed,,,
shopify:www.girlfriend.com:7844788174911,details,Black Tabitha Wrap Tank,,<unknown>,unknown,1.00,none,,,
shopify:www.everlane.com:7784909078614,neckline,RetroSoft Cotton Square-Neck Tee | Black,"Giving a ‘90s silhouette a reboot, this square-neck tee pairs a slim, shrunken fit with clean cap sleeves. Made with certified organic ribbed cotton to keep you cool and comfy. The kind of top that works hard in rotation, whether tucked int",square,labeled,1.00,,,,
shopify:www.everlane.com:7784909307990,closure,RetroSoft Cotton One-Shoulder Tank | Fiery Red,"With a wide strap and a slim fit, this one-shoulder top channels that easy, minimalist ‘90s attitude. Made with certified organic ribbed cotton to keep you cool and comfy. Strong with denim, sharper with tailored pants, and built to anchor ",<not_applicable>,not_applicable,0.60,<unknown>,,,
shopify:www.everlane.com:7760661413974,details,Relaxed Mid-Rise Bootcut Jean | Light Vintage Indigo,"This mid-rise jean has a softer boot flare shape with a lightweight feel that still holds its shape. Made from organic cotton, of course.",<unknown>,unknown,0.80,none,,,
shopify:fahertybrand.com:7876140564549,occasion,Coastal Poplin Bondhi Dress - Black,"Crafted from organic cotton, this coastal poplin is tightly woven to hold rich, saturated color while maintaining a lightweight feel, holding its shape without stiffness and washed for a soft, lived-in finish. Designed with a softly shirred",<unknown>,unknown,1.00,casual,,,
shopify:naadam.co:7163412283488,details,Signature Cashmere Funnel Turtleneck,"More is more. The Signature Cashmere Funnel Turtleneck is a cozy knit with an oversized fit and tunic length. It features a generous funnel neckline, ribbed details, and drop shoulders. Crafted from Signature Cashmere: our classic, 12gg, 10",<unknown>,unknown,1.00,none,,,
shopify:www.taylorstitch.com:7307484299341,sleeve_length,The Long Haul Jacket in Rinsed Organic Selvedge,The Long Haul Jacket in Rinsed Organic Selvedge from Taylor Stitch 14-oz. 100% organic cotton selvedge denim. 6-oz. 100% organic cotton SF map pocketing. Indigo yarns will wash and fade beautifully over time. Two rounded patch chest pockets,<unknown>,unknown,1.00,long,,,
shopify:www.taylorstitch.com:7454613602381,closure,The Eastmoor Sweater in Navy Fair Isle Wool,The Eastmoor Sweater in Navy Fair Isle Wool from Taylor Stitch 100% Responsible Wool Standard (RWS) wool. 5 gauge yarns. Jersey construction. Single layer 2x2 rib at cuffs and bottom opening. Double layer 2x2 rib at neck opening. Hand wash ,<not_applicable>,not_applicable,0.80,pullover,,,
shopify:www.american-giant.com:10414089175221,closure,Women's Hemp V-Notch Tee - Moonlight Mauve,,<not_applicable>,not_applicable,0.60,pullover,,,
shopify:fahertybrand.com:8021063204933,pattern,Sun Strider Linen Romper - Flax,"Made from 100% linen, this sleeveless romper has a lightweight, airy feel that keeps you comfortable on warm days. Adjustable straps and patch pockets add function, while the relaxed shape makes it an easy, throw-on piece for everyday wear.",<unknown>,unknown,0.80,solid,,,
shopify:www.everlane.com:7855407923286,material,Halter Tank | Everglade,"Fully lined and made from a substantial knit, this top is comfortable enough to wear without a bra. Sleek, modern, and confidence-boosting.",knit,labeled,0.80,synthetic,,,
shopify:naadam.co:4705777320032,fit,Signature Cashmere Turtleneck Dress with Slits,"Sophisticated ease. The Signature Cashmere Turtleneck Dress features a body-skimming silhouette with a side slit for ease and movement. Crafted from 100% Signature Cashmere that’s breathable, refined, and endlessly flattering.",tight,labeled,1.00,<unknown>,,,
shopify:www.everlane.com:7855404318806,closure,Luxe Rib V-Neck Henley | Heathered Light Grey,"A henley with a little extra. It features elbow-length sleeves, a clean V neckline, and a slim, easy fit. Non-functional buttons run along the neckline trim, with only the center front buttons designed to open—adding detail without changing",<unknown>,unknown,0.60,pullover,,,
shopify:www.outdoorvoices.com:7821252886606,material,Polka Tee,Baby Tee in polka dot print with lettuce edge finish and contrast lilac stitching at back shoulder.,<unknown>,unknown,1.00,,,,
shopify:www.taylorstitch.com:7454610653261,pattern,The Down Vest in Brick Red Waxed Ripstop,The Down Vest in Brick Red Waxed Ripstop from Taylor Stitch Developed in collaboration with Crescent Down Works. 3.5-oz. 100% cotton waxed ripstop from British Millerain. 3-oz. 100% cowhide yoke. PFC-free 100% nylon lining. 5-oz. 700+ fill ,<unknown>,unknown,0.80,solid,,,
shopify:naadam.co:7163412349024,fit,Super Luxe Cashmere Double Faced Poncho,"Two is better than one. The Super Luxe Cashmere Double Faced Poncho is a two-in-one layer with an oversized fit. It features a fully reversible construction—giving you double the colors, double the wearability, and double the cashmere. Craf",oversized,labeled,0.80,<not_applicable>,,,
shopify:www.everlane.com:7855404286038,collar_type,Luxe Rib V-Neck Henley | Coffee Bean,"A henley with a little extra. It features elbow-length sleeves, a clean V neckline, and a slim, easy fit. Non-functional buttons run along the neckline trim, with only the center front buttons designed to open—adding detail without changing",<unknown>,unknown,1.00,none,,,
shopify:www.outdoorvoices.com:7875605135438,material,Club Dress,"Your favorite Exercise Dress refreshed. The Club Dress is made in the same performance fabric LightSpeed as our original exercise dress—lightweight, breathable, and built to move. The Club Dress features a picot trim at the neckline and hem",<unknown>,unknown,0.80,synthetic,,,
shopify:www.thursdayboots.com:7848748941402,pattern,Handbag Hook | Silver Heart,"Product Features Stylish Metal Handbag Hook In Silver Heart Shape Safely Holds Your Favorite Handbag Off The Ground Foldable Design Makes It Perfect For Being On The Go Supports Up To 10 lbs Size: 3"" H x 2.5"" W x 3/16"" D Hook Drop: 4-7/8"" S",<unknown>,unknown,1.00,solid,,,
shopify:www.american-giant.com:10297736462517,pattern,Women's Luxe Rib Turtleneck - Purple Velvet,,<unknown>,unknown,0.60,solid,,,
shopify:www.untuckit.com:7590258475086,sleeve_style,Stretch Cotton Sleeveless Cordelia Shirt Dress,"Our Cordelia Shirt Dress blooms forth with a pop of fresh spring color. Made from lightweight cotton sateen with just enough added stretch, it's the effortless silhouette that'll keep you cool and comfortable all season long. It also featur",<not_applicable>,not_applicable,1.00,,,,
shopify:www.taylorstitch.com:7307482333261,neckline,The Workhorse Hoodie in Aged Penny Chipped Canvas,"The Workhorse Hoodie in Aged Penny Chipped Canvas from Taylor Stitch 12.5-oz. 100% organic cotton canvas. Custom developed for Taylor Stitch. 1.5-oz. 100% recycled nylon diamond quilted with recycled polyfill in body, sleeve and hood lining",<unknown>,unknown,0.60,<not_applicable>,,,
shopify:www.tentree.com:8143575711930,pattern,Spokane Sweater,Cozy never looked so easy. This relaxed cowl neck sweater is made from soft organic cotton with stretch and subtle rib detailing — complete with side slits and a high-low hem for easy layering when the chill sets in.,<unknown>,unknown,0.80,solid,,,
shopify:naadam.co:7294078484576,collar_type,Lightweight Cashmere Off The Shoulder Top,"Giving the bold shoulder with an elegant fold-over neckline and oversized silhouette. Our lightweight yarn ensures airy softness and perfect drape, while the versatile fit adapts to your styling mood.",<unknown>,unknown,0.60,none,,,
shopify:www.everlane.com:7784908324950,pattern,Scoop-Neck Midi Dress in Pointelle Knit | Deep Navy,"This scoop U-neckline midi dress features a close, contoured fit with a center-back seam to add shape to the silhouette. Made with our pointelle fabric for subtle texture and breathability, it’s an easy warm-weather dress you'll live in all",<unknown>,unknown,0.80,solid,,,
shopify:www.thursdayboots.com:7303390494810,occasion,Cobbler's Choice Leather Balm,Product Features Conditions and Restores Leather Non-Darkening Formula Deeply Buffs For A Beautiful Shine Easy Application With Instructions On Bottle 4oz (133.5 mL) Made in the USA Note:  This product may slightly darken Natural and Rugged,<not_applicable>,not_applicable,0.60,<unknown>,,,
shopify:www.american-giant.com:10414089175221,sleeve_length,Women's Hemp V-Notch Tee - Moonlight Mauve,,<unknown>,unknown,0.80,short,,,
shopify:www.thursdayboots.com:7303390494810,pattern,Cobbler's Choice Leather Balm,Product Features Conditions and Restores Leather Non-Darkening Formula Deeply Buffs For A Beautiful Shine Easy Application With Instructions On Bottle 4oz (133.5 mL) Made in the USA Note:  This product may slightly darken Natural and Rugged,<not_applicable>,not_applicable,0.60,<unknown>,,,
shopify:fahertybrand.com:8021064941637,closure,Cotton Hemp Maxi Dress - Black,"Made from a breathable blend of organic cotton, hemp, and soft plant-based fibers, this maxi dress has a lightweight feel with a natural texture. Designed with a V-neckline, button front, and subtle ruching at the waist, it creates shape wh",<unknown>,unknown,1.00,single_breasted,,,
shopify:www.everlane.com:7827412713558,pattern,Cowl Neck Twist Tank in Butterluxe | Black,"This tank features a draped cowl neckline created by a twisted shoulder detail. The slim fit keeps the silhouette clean, while the soft knit adds just enough structure to hold the shape. It’s an easy piece to dress up for summer evenings—ju",<unknown>,unknown,1.00,solid,,,
shopify:fahertybrand.com:8021115994181,occasion,Faherty x Quiksilver Fleece Zip Hoodie - Abyss Navy,"Part of our collaboration with Quiksilver, this zip hoodie is made from soft organic cotton fleece with vintage-inspired details throughout. Garment-dyed for rich color that softens over time, it’s finished with a full-zip front, double-lay",lounge,labeled,1.00,casual,,,
shopify:fahertybrand.com:8021115928645,garment_category,Faherty x Quiksilver Heavy Wash Tee - Teal Tropics,"Part of our collaboration with Quiksilver, this oversized, relaxed tee is made from a soft blend of organic and recycled cotton with a broken-in feel from the first wear. Garment-dyed for a vintage, sun-faded look that softens over time, it",shirt_blouse,labeled,0.80,top,,,
shopify:www.everlane.com:7841841414230,closure,RetroSoft Cotton One-Shoulder Tank | Aleutian,"With a wide strap and a slim fit, this one-shoulder top channels that easy, minimalist ‘90s attitude. Made with certified organic ribbed cotton to keep you cool and comfy. Strong with denim, sharper with tailored pants, and built to anchor ",<not_applicable>,not_applicable,0.80,<unknown>,,,
shopify:www.everlane.com:7849644195926,details,Vacation Sandal | Rum,"This strappy leather sandal features a padded footbed and adjustable buckle for all-day comfort. Finished with a sturdy welted sole. Casual, reliable, and ready for wherever you’re headed.",<unknown>,unknown,0.60,none,,,
shopify:www.everlane.com:7859754860630,occasion,Mini Shift Dress in Stretch Linen | Dark Brown,Made from stretch linen that's breathable and comfortable. Dress it up or down—it’s ready for both.,<unknown>,unknown,1.00,casual,,,
shopify:www.everlane.com:7855404318806,occasion,Luxe Rib V-Neck Henley | Heathered Light Grey,"A henley with a little extra. It features elbow-length sleeves, a clean V neckline, and a slim, easy fit. Non-functional buttons run along the neckline trim, with only the center front buttons designed to open—adding detail without changing",beach,labeled,0.60,casual,,,
shopify:naadam.co:6619043692640,pattern,Cashmere Shoulder Cut Out Turtleneck,"Cold shoulders aren't always a bad thing. The Cashmere Shoulder Cut Out Turtleneck features a high neck, ribbing at the cuffs and hem and a peek-a-boo shoulder that's as chic as it is sultry. Wear it with slacks or your favorite jeans, this",<unknown>,unknown,0.60,solid,,,
shopify:www.tentree.com:8322436235450,collar_type,Denim Nova Overall,"The epitome of throw it on and go, these denim overalls keep comfort close with a double-V neckline, perfectly placed pockets, and organic cotton that’s so soft you’ll want to spend your whole day in these.",<not_applicable>,not_applicable,1.00,none,,,
shopify:www.thursdayboots.com:7332010098778,colour_primary,Everyday Tote | Cuero (XL) (Gold),Product Features Cuero Full-Grain Leather Internal Pocket For Easy Storage Convenient Phone Compartment For Quick Access Double Leather Handles For Durability Long-Lasting Rivets With Gold Finish Handcrafted With Integrity Shipping Info Fre,metallic,labeled,0.80,<unknown>,,,
shopify:fahertybrand.com:6884728930373,neckline,Varsity Jacket - Navy,"An oldie but a goodie – this throwback varsity jacket has all the classic sporty stylings you remember, updated with a Faherty touch inspired by the great outdoors. From the front chenille patch to the back which features a large embroidere",<unknown>,unknown,0.60,<not_applicable>,,,
shopify:www.everlane.com:7841453146198,pattern,Boatneck Cap-Sleeve Top in Butterknit | Charcoal Grey,A simple shape with cap sleeves that feels a little more refined.,<unknown>,unknown,1.00,solid,,,
shopify:www.untuckit.com:7853403865166,sleeve_length,Italian Linen-Cotton Sagefield Sport Coat,Big event coming up? You need this sport coat to instantly elevate any untucked look. It's made from a lightweight linen-cotton herringbone blend that is extrafine and breathable; perfect for warm weather. The natural tan color is a versati,long,labeled,0.60,<unknown>,,,
shopify:fahertybrand.com:7552626360389,garment_length,Surf Ghana High Standard Fleece Hoodie - Silver Ash Heather,"We set out to perfect the hoodie—super soft, just the right weight, and inspired by vintage athletic wear. Made from a durable blend of Pima and organic cotton, it’s built for comfort whether you’re lounging, layering, or on the move. Featu",<unknown>,unknown,1.00,hip,,,
shopify:www.everlane.com:7784908324950,collar_type,Scoop-Neck Midi Dress in Pointelle Knit | Deep Navy,"This scoop U-neckline midi dress features a close, contoured fit with a center-back seam to add shape to the silhouette. Made with our pointelle fabric for subtle texture and breathability, it’s an easy warm-weather dress you'll live in all",<unknown>,unknown,0.60,none,,,
shopify:fahertybrand.com:8021113339973,sleeve_style,Voile Sundance Dress - Garden Whispers,"Made from 100% organic cotton voile, this maxi dress has a light, airy feel with a soft drape that moves easily. Designed with an off-shoulder neckline and a smocked bodice, it creates a flattering, easy shape that still feels relaxed. Fit:",<unknown>,unknown,1.00,,,,
shopify:www.marinelayer.com:8213617147978,collar_type,Dream Jersey Puff Sleeve Tee,,<unknown>,unknown,0.80,none,,,
shopify:www.everlane.com:7841451212886,silhouette,High-Rise Pleated Culotte | Bone/Cream,"A high-rise culotte with front pleats and a clean, tailored shape that brings a more polished feel to warm-weather dressing.",wide_leg,labeled,1.00,<unknown>,,,
shopify:fahertybrand.com:8021060714565,closure,Short-Sleeve Breeze Shirt - Crystal Cascade Diamond,"Crafted from a lightweight linen blend with a touch of stretch, this shirt feels breathable, soft, and easy to wear on warm days. The fabric’s natural texture gives our signature travel-inspired prints added depth, while classic details lik",<unknown>,unknown,1.00,single_breasted,,,
shopify:www.rothys.com:7575209771102,material,The Convertible Clutch - Toffee Chevron,"The Convertible Clutch in Toffee Chevron Lightweight, versatile clutch in a black and tan chevron pattern. Knit loops on each end allows you to clip on a Bag Strap. Convert it into a crossbody or shoulder bag. Fits your on-the-go essentials",<unknown>,unknown,1.00,knit,,,
shopify:naadam.co:7163411169376,material,Cotton Cashmere Mixed Media Midi Skirt,"A skirt that does both. The Cotton Cashmere Mixed Media Skirt is a slim fitting midi skirt with plenty of visual interest. It features a classic zip and button waist, belt loops, side pockets, and a front slit. Crafted from a mixture of pre",<unknown>,unknown,0.80,cashmere,,,
shopify:www.everlane.com:7859024363606,waistline,Gauze Smocked Dress | Black,"This knee-length dress features any easy trapeze silhouette with smocked ruffle detailing for texture. Adjustable straps allow for a more personalized fit, while on-seam pockets add to its casual vibe. Made with our breezy, breathable organ",<unknown>,unknown,1.00,none,,,
shopify:www.thursdayboots.com:7593564405850,details,Cobbler's Choice Premium Dauber Brush | Tan,Product Features Applies Leather Creams and Polishes Premium Horsehair Bristles Solid Grooved Wood Handle Handcrafted with Integrity Shipping Info Domestic shipping: 2-6 business days International shipping available Expedited shipping opti,<not_applicable>,not_applicable,0.80,none,,,
shopify:fahertybrand.com:7055925805125,pattern,"Belt Loop All Day Shorts (9"") - Ice Grey","You know them, you love them, our All Day™ Shorts look perfectly tailored with a flat front style and have the water repellant technical performance of swimwear for increased movement and breathability. Each pair is crafted in our premium e",<unknown>,unknown,0.60,solid,,,
shopify:www.outdoorvoices.com:7875605135438,sleeve_length,Club Dress,"Your favorite Exercise Dress refreshed. The Club Dress is made in the same performance fabric LightSpeed as our original exercise dress—lightweight, breathable, and built to move. The Club Dress features a picot trim at the neckline and hem",<not_applicable>,not_applicable,0.80,sleeveless,,,
shopify:www.taylorstitch.com:7579199668301,silhouette,The Button Down Polo in Gulf Stream Herringbone,The Button Down Polo in Gulf Stream Herringbone from Taylor Stitch 100% organic cotton. 14 gauge yarns. Herringbone knit construction on the body and sleeves. Flat rib knit collar. 1x1 rib on sleeve and bottom opening. Straight hem. Hand wa,straight,labeled,0.60,<unknown>,,,
shopify:www.american-giant.com:7285758001333,details,Women's Flex Dress - Meteorite,Our take on the timeless fit and flare dress that’s been a classic dress for close to a century. Square neckline with generous coverage. Custom stretch knit through the bodice comfortably holds you in and flares out at the bottom to give yo,<unknown>,unknown,0.60,none,,,
shopify:naadam.co:7505740759136,collar_type,Super Fine Cashmere Sleeveless Turtleneck Dress,"An elegant shift. The Super Fine Cashmere Sleeveless Turtleneck Dress is made from lightweight 100% cashmere with a slim fit and ankle length. Minimalist, breathable, and effortlessly refined.",<unknown>,unknown,0.80,none,,,
shopify:www.outdoorvoices.com:7797990981710,material,CloudKnit Wide Leg Pant,"A high-ride wide leg sweatpant in our soft, lightweight, and breathable CloudKnit fabric. These are guaranteed to provide you maximum comfort.",<unknown>,unknown,0.80,knit,,,
shopify:www.outdoorvoices.com:7748366827598,silhouette,Puddle Capri,High rise capri in Bubble Wrap — a soft material with a smoother-than-butter texture and medium compression. The Puddle Capri has a wide waistband for comfort and keyhole cut out at the back of the leg with cute adjustable ties. Capri featu,<unknown>,unknown,0.60,,,,
shopify:fahertybrand.com:8021115928645,pattern,Faherty x Quiksilver Heavy Wash Tee - Teal Tropics,"Part of our collaboration with Quiksilver, this oversized, relaxed tee is made from a soft blend of organic and recycled cotton with a broken-in feel from the first wear. Garment-dyed for a vintage, sun-faded look that softens over time, it",<unknown>,unknown,0.60,solid,,,
shopify:www.tentree.com:8096373833914,details,SoftTerry Light V-Neck Jumpsuit,"Comfy enough to lounge around in, cool enough to wear out for date night. This super soft, super sustainable jumpsuit is a perfect addition to your summer wardrobe.",<unknown>,unknown,0.80,none,,,
shopify:www.taylorstitch.com:7355710865485,silhouette,The Button Down Polo in Heather Oat Herringbone,The Button Down Polo in Heather Oat Herringbone from Taylor Stitch 100% organic cotton. 14 gauge yarns. Herringbone knit construction on the body and sleeves. Flat rib knit collar. 1x1 rib on sleeve and bottom opening. Straight hem. Hand wa,straight,labeled,0.80,<unknown>,,,
shopify:www.american-giant.com:8148012171445,material,Men's Waffle Yoke Henley Tee - Dark Charcoal,Men's Waffle Yoke Henley Tee,<unknown>,unknown,0.60,knit,,,
shopify:www.everlane.com:7859024363606,collar_type,Gauze Smocked Dress | Black,"This knee-length dress features any easy trapeze silhouette with smocked ruffle detailing for texture. Adjustable straps allow for a more personalized fit, while on-seam pockets add to its casual vibe. Made with our breezy, breathable organ",<unknown>,unknown,1.00,none,,,
shopify:fahertybrand.com:8021116059717,garment_category,Faherty x Quiksilver Heavy Wash Tee - White,"Part of our collaboration with Quiksilver, this oversized, relaxed tee is made from a soft blend of organic and recycled cotton with a broken-in feel from the first wear. Garment-dyed for a vintage, sun-faded look that softens over time, it",shirt_blouse,labeled,0.60,top,,,
shopify:www.taylorstitch.com:7454611177549,occasion,The Roper Jacket in Vintage Wash Organic Selvedge,The Roper Jacket in Vintage Wash Organic Selvedge from Taylor Stitch 14-oz. 100% organic cotton selvedge denim. Unlined. Bleach washed for vintage look and feel with some distressing at the hem and sleeve cuff. Single pleated front. Dual bu,<unknown>,unknown,1.00,casual,,,
shopify:www.thursdayboots.com:7848748941402,colour_primary,Handbag Hook | Silver Heart,"Product Features Stylish Metal Handbag Hook In Silver Heart Shape Safely Holds Your Favorite Handbag Off The Ground Foldable Design Makes It Perfect For Being On The Go Supports Up To 10 lbs Size: 3"" H x 2.5"" W x 3/16"" D Hook Drop: 4-7/8"" S",metallic,labeled,1.00,,,,
shopify:www.thursdayboots.com:7332008296538,details,Everyday Tote | Cuero (S) (Gold),Product Features Cuero Full-Grain Leather Internal Pocket For Easy Storage Convenient Phone Compartment For Quick Access Double Leather Handles For Durability Long-Lasting Rivets With Gold Finish Handcrafted With Integrity Shipping Info Fre,studded,labeled,0.40,none,,,
shopify:fahertybrand.com:8021115994181,closure,Faherty x Quiksilver Fleece Zip Hoodie - Abyss Navy,"Part of our collaboration with Quiksilver, this zip hoodie is made from soft organic cotton fleece with vintage-inspired details throughout. Garment-dyed for rich color that softens over time, it’s finished with a full-zip front, double-lay",<not_applicable>,not_applicable,0.80,zip,,,
shopify:www.taylorstitch.com:6865636294733,pattern,The Workhorse Jacket in Coal Chipped Canvas,The Workhorse Jacket in Coal Chipped Canvas from Taylor Stitch 12.5-oz. 100% organic cotton canvas. Custom developed for Taylor Stitch. 8.5-oz. 100% organic cotton corduroy on collar and inside cuffs. 7-oz. 100% organic cotton brushed pocke,<unknown>,unknown,0.60,solid,,,
shopify:www.taylorstitch.com:7307482300493,details,The Davis Shirt in Vintage White Fractal,"The Davis Shirt in Vintage White Fractal from Taylor Stitch Made in collaboration with Teresa Misagal of Dailola. 3.5-oz. 70% organic cotton, 30% linen. Custom print designed from Dailola artwork. Washed for a soft, lived-in feel. Camp coll",washed,labeled,1.00,washed|slit,,,
shopify:www.thursdayboots.com:7444717994074,occasion,Cobbler's Choice Leather Conditioner + Brush Bundle,"Product Features Includes Leather Conditioner & Shoe Brush Designed To Restore, Condition & Protect Your Leather Goods Instructions on Label 6 oz. Bottle Assembled in the USA Cobbler's Choice Brand Shipping Info Domestic shipping: 2-6 busin",<not_applicable>,not_applicable,0.60,<unknown>,,,
shopify:www.everlane.com:7784911405142,waistline,Cinched Dress in Stretch Linen | Bone,"A midi dress with a V-neckline and soft, dolman flutter sleeves, it features gathered detailing at the waist to create shape. Made from our stretch linen fabric, it balances structure and movement. Easy to wear with flat sandals for day or ",normal,labeled,0.80,<unknown>,,,
shopify:fahertybrand.com:8021061730373,closure,Sunwashed Regenerative Tee - Blue Ravine Tie Dye,"Inspired by vintage T-shirts, this relaxed tee is made from a lightweight slub jersey that feels soft and breathable. Crafted from 100% regenerative organic cotton, each piece has subtle texture and natural variation that gives it a worn-in",<not_applicable>,not_applicable,0.40,pullover,,,
shopify:www.everlane.com:7859024330838,waistline,Gauze Smocked Dress | Birch,"This knee-length dress features any easy trapeze silhouette with smocked ruffle detailing for texture. Adjustable straps allow for a more personalized fit, while on-seam pockets add to its casual vibe. Made with our breezy, breathable organ",<unknown>,unknown,0.60,none,,,
shopify:www.everlane.com:7830716153942,fit,Everyday Chino Short 7” | Trench Coat Khaki,"Slant front pockets, back welts with button closure, and a clean fit that works with everything. Wear them with a tee, a polo, or a button-down. Easy, versatile, done.",regular,labeled,0.80,<unknown>,,,
shopify:fahertybrand.com:8021113471045,waistline,Dune Cotton Gauze Wrap Dress - White,"Made from lightweight cotton gauze, this wrap dress has a soft, airy feel that stays comfortable on warm days. Designed with a true wrap silhouette and adjustable tie waist, it creates a flattering shape with an easy, relaxed drape. Fit: Tr",normal,labeled,0.60,<unknown>,,,
shopify:fahertybrand.com:8021113471045,fit,Dune Cotton Gauze Wrap Dress - White,"Made from lightweight cotton gauze, this wrap dress has a soft, airy feel that stays comfortable on warm days. Designed with a true wrap silhouette and adjustable tie waist, it creates a flattering shape with an easy, relaxed drape. Fit: Tr",regular,labeled,0.60,<unknown>,,,
shopify:www.thursdayboots.com:7442149146714,details,[S] Cadet | Mocha,Product Features Mocha WeatherSafe™ Suede Goodyear Welt Construction for Longevity Fully Lined Supple Glove Leather Interior Premium Flat Waxed Cotton Laces Custom Developed Reinforced Eyelets Comfortable Shock Absorbing Insoles Cork-Bed Mi,lined|studded,labeled,1.00,lined,,,
shopify:www.thursdayboots.com:7332008296538,pattern,Everyday Tote | Cuero (S) (Gold),Product Features Cuero Full-Grain Leather Internal Pocket For Easy Storage Convenient Phone Compartment For Quick Access Double Leather Handles For Durability Long-Lasting Rivets With Gold Finish Handcrafted With Integrity Shipping Info Fre,<unknown>,unknown,1.00,solid,,,
shopify:www.american-giant.com:10414089175221,details,Women's Hemp V-Notch Tee - Moonlight Mauve,,<unknown>,unknown,1.00,none,,,
shopify:www.everlane.com:7809976303702,waistline,Maxi Dress in Silk Georgette | Floral/Black,"This sleeveless maxi dress features a front surplice neckline with a paneled skirt that adds volume and flow. Designed with tuck and gather detailing at the shoulder and waist, it has a tie-back detail for an adjustable fit. Made with our s",normal,labeled,0.80,<unknown>,,,
shopify:www.tentree.com:8143540322490,sleeve_style,Vista Sweater,"Combine oversized drop shoulders, a functional quarter zip and ribbed detailing with 100% organic cotton and what do you get? A sweater that's great for your closet and the environment.",dropped_shoulder,labeled,1.00,,,,
shopify:www.outdoorvoices.com:7733873868878,material,RecFleece Snap Jacket,"J acket with snap up front in RecFleece - a soft versatile midlayer. Jacket features technical nylon binding, identical side pockets and dolman sleeve for a roomy fit.",<unknown>,unknown,1.00,synthetic,,,
shopify:www.american-giant.com:8226072985781,details,Men's Rib Tee - Forest Camo,Rib Tee,<unknown>,unknown,0.80,none,,,
shopify:www.outdoorvoices.com:7769243320398,details,Sunny Sweatpant,Wide leg sweatpant in Strobe Fleece; a structured and ultra soft cotton fleece. The sweatpant features a technical nylon waistband for a clean and comfortable waistband that doesn’t add bulk with a bungee cord and toggle for an adjustable f,none,labeled,0.60,<unknown>,,,
shopify:www.american-giant.com:10414089175221,collar_type,Women's Hemp V-Notch Tee - Moonlight Mauve,,<unknown>,unknown,1.00,none,,,
shopify:naadam.co:6835720716384,closure,Signature Cashmere One Shoulder Sweater,"The Cashmere One Shoulder Sweater is a chic knit with a relaxed classic fit and short classic length designed to skim the top of the hip bones. It features a cold-shoulder silhouette, ribbed details, and fitted waistband for added dimension",<not_applicable>,not_applicable,0.60,<unknown>,,,
shopify:www.untuckit.com:7590258442318,closure,Cotton Short-Sleeve Sierra Dress,Not sure what to wear? Slip into this easy style for any spring or summer outing. We made this uniquely cool Sierra Dress from comfortable 100% cotton and gave it a festive garden print for an extra dose of seasonal fun. Its fully lined bod,<unknown>,unknown,1.00,single_breasted,,,
shopify:www.everlane.com:7784909111382,closure,RetroSoft Cotton Square-Neck Tee | Bone,"Giving a ‘90s silhouette a reboot, this square-neck tee pairs a slim, shrunken fit with clean cap sleeves. Made with certified organic ribbed cotton to keep you cool and comfy. The kind of top that works hard in rotation, whether tucked int",<not_applicable>,not_applicable,0.40,<unknown>,,,
shopify:www.everlane.com:7859023970390,details,Textured Halter Midi Dress | Black,"This midi dress features a flattering halter neckline, soft v-neck, and seam detailing throughout. The subtly striped fabric adds texture without overpowering. Made to move beautifully from day to night.",none,labeled,0.80,,,,
shopify:fahertybrand.com:7485267935301,closure,Laguna Linen Shirt - Wisteria,"Naturally breathable with a casual natural texture, the Laguna Linen Shirt embodies timeless warm weather style. Cooling and lightweight, this button-up is crafted from responsibly sourced linen specially washed for incredible softness. Per",<unknown>,unknown,1.00,single_breasted,,,
shopify:www.thursdayboots.com:7332008624218,details,Everyday Tote | Cuero (M) (Gold),Product Features Cuero Full-Grain Leather Internal Pocket For Easy Storage Convenient Phone Compartment For Quick Access Double Leather Handles For Durability Long-Lasting Rivets With Gold Finish Handcrafted With Integrity Shipping Info Fre,<unknown>,unknown,0.40,none,,,
shopify:www.thursdayboots.com:7786538008666,pattern,Mary Jane | Black Patent,Product Features Black Patent Leather Adjustable Leather Strap With Metal Buckle Buttery Soft Leather Lining Comfortable Shock Absorbing Insoles Lightweight Rubber Outsole 10mm Heel With Anti-Slip Base Handcrafted With Integrity Shipping In,<unknown>,unknown,0.60,solid,,,
shopify:www.everlane.com:7784909668438,pattern,Scoop-Neck Tank in Pointelle | Deep Navy,"A cropped tank with a rounded square neckline and scalloped trim at the neck and armholes. Made from our pointelle fabric, it adds texture and detail to a clean, fitted silhouette. Pair it with cargo pants, a low-rise trouser, or styled und",<unknown>,unknown,0.60,solid,,,
shopify:naadam.co:6620058386528,occasion,The Sustainable Puffer,"Classic style, low impact. The Sustainable Puffer is an essential cold-weather coat with a classic fit and butt-covering length. It features everything you’d want in a puffer: a water-resistant shell, detachable hood, layered wristbands wit",<unknown>,unknown,1.00,casual,,,
shopify:www.taylorstitch.com:7307482660941,colour_primary,The Mariner Shawl Cardigan in Ink Slub,"The Mariner Shawl Cardigan in Ink Slub from Taylor Stitch 100% BCI cotton. 5 gauge yarns. Half cardigan rib knit construction. Racking stitch detailing on shawl collar, placket, yoke, welts, above cuff, and bottom opening. 2x1 rib featured ",<unknown>,unknown,1.00,navy,,,
shopify:www.marinelayer.com:8084565590090,silhouette,Ella Barrel Leg Pant,,balloon,labeled,0.60,<unknown>,,,
shopify:naadam.co:6835720749152,collar_type,Signature Cashmere Halter Top,"The Cashmere Halter Top is a soft sweater top with a slim fit and short classic length designed to skim the top of the hip bones. It features a high neckline, ribbed details and open back. Crafted from 100% premium, sustainable cashmere.",<unknown>,unknown,0.60,none,,,
shopify:www.everlane.com:7841452032086,pattern,Lace Knit Maxi Sweater Dress | Henna Red,"Your most dressy summer vacation dress or the perfect option for wedding season, this V-neck maxi dress features an intricate lace knit pattern across the full silhouette. A seam above the knee shifts the stitch, creating a subtle flare thr",<unknown>,unknown,0.80,solid,,,
shopify:www.everlane.com:7859025248342,collar_type,Bubble-Sleeve Mini Dress in Cotton Silk Voile | Bone,"A mini dress with sculpted bubble sleeves and V-necklines at the front and back. A center front seam and French darts give shape to the body. Made with organic cotton and Bluesign®-certified silk voile and fully lined, it has an airy feel w",<unknown>,unknown,0.60,none,,,
shopify:www.taylorstitch.com:7579184529485,details,The Davis Shirt in Driftwood Eyelet,"The Davis Shirt in Driftwood Eyelet from Taylor Stitch 3.5-oz. 100% organic cotton embroidered eyelet. Washed for a soft, lived-in feel. Camp collar (no collar stand) meant to be worn open. Flat hem with vents at side seams. Double-needle f",washed|embroidered,labeled,1.00,embroidered|slit|washed,,,
shopify:www.everlane.com:7825166205014,details,Mini Shift Dress in Stretch Linen | Black,Made from stretch linen that's breathable and comfortable. Dress it up or down—it’s ready for both.,<unknown>,unknown,1.00,none,,,
shopify:naadam.co:7163256864864,neckline,Luxe Cashmere Double Knit Blazer,"Timeless. The Super Luxe Cashmere Double Knit Blazer is an ultra-versatile layer with a classic fit. This polished knit is constructed with sport coat details like a notched collar, single-breasted button front, and patch pockets—but it’s c",<unknown>,unknown,0.60,<not_applicable>,,,
shopify:fahertybrand.com:7552632389701,closure,Eden Dress - Belmonte Floral,"Feminine and free-spirited, this floral dress is a wardrobe dream for sunny days and special outings. Made from soft, lightweight viscose, it features a flattering V-neck at the front and back, accented with delicate drawcord ties and playf",drawstring,labeled,1.00,<unknown>,,,
shopify:fahertybrand.com:7552632389701,details,Eden Dress - Belmonte Floral,"Feminine and free-spirited, this floral dress is a wardrobe dream for sunny days and special outings. Made from soft, lightweight viscose, it features a flattering V-neck at the front and back, accented with delicate drawcord ties and playf",tiered|gathered,labeled,1.00,tiered,,,
shopify:www.thursdayboots.com:7444713570394,pattern,Cobbler's Choice Leather Cleaner + Brush Bundle,Product Features Includes Leather Cleaner & Shoe Brush Designed To Clean Your Leather Goods Instructions on Label 6 oz. Bottle Assembled in the USA Cobbler's Choice Brand Shipping Info Domestic shipping: 2-6 business days International ship,<not_applicable>,not_applicable,0.80,<unknown>,,,
shopify:fahertybrand.com:6900366016581,pattern,"Belt Loop All Day Shorts (9"") - Turquoise Sky","You know them, you love them, our All Day™ Shorts look perfectly tailored with a flat front style and have the water repellent technical performance of swimwear for increased movement and breathability. Each pair is crafted in our premium e",<unknown>,unknown,1.00,solid,,,
shopify:www.everlane.com:7543777362006,details,The Carpenter Jean | Mid Indigo,"In a relaxed, baggy fit—that’s extra baggy at the leg, it features utilitarian stitching and front panels, with slanted pockets, patch back pockets, and a zipper fly. Designed to be worn oversized, if you’re looking for a slightly less bagg",<unknown>,unknown,0.60,none,,,
shopify:fahertybrand.com:8021099315269,garment_length,Reserve Knit Blazer - Sand Shell Melange,"Tailored like a classic blazer but made from a soft, breathable knit blend, this style has structure with a more comfortable, flexible feel. Finished with a two-button front, patch pockets, and real horn buttons, it’s an easy way to look pu",<unknown>,unknown,0.60,hip,,,
shopify:www.thursdayboots.com:7539260391514,pattern,Captain | Mocha,Product Features Mocha WeatherSafe™ Suede Goodyear Welt Construction for Longevity Fully Lined Supple Glove Leather Interior Premium Flat Waxed Cotton Laces Custom Developed Reinforced Eyelets Poron® Antimicrobial Shock Absorbing Insoles Co,<unknown>,unknown,1.00,solid,,,
shopify:www.thursdayboots.com:7332008624218,occasion,Everyday Tote | Cuero (M) (Gold),Product Features Cuero Full-Grain Leather Internal Pocket For Easy Storage Convenient Phone Compartment For Quick Access Double Leather Handles For Durability Long-Lasting Rivets With Gold Finish Handcrafted With Integrity Shipping Info Fre,<unknown>,unknown,0.60,casual,,,
shopify:www.everlane.com:7859754860630,details,Mini Shift Dress in Stretch Linen | Dark Brown,Made from stretch linen that's breathable and comfortable. Dress it up or down—it’s ready for both.,<unknown>,unknown,1.00,none,,,
shopify:www.everlane.com:7827422478422,collar_type,Halter Tank | White,"Fully lined and made from a substantial knit, this top is comfortable enough to wear without a bra. Sleek, modern, and confidence-boosting.",<unknown>,unknown,0.60,none,,,
shopify:www.everlane.com:7784909668438,occasion,Scoop-Neck Tank in Pointelle | Deep Navy,"A cropped tank with a rounded square neckline and scalloped trim at the neck and armholes. Made from our pointelle fabric, it adds texture and detail to a clean, fitted silhouette. Pair it with cargo pants, a low-rise trouser, or styled und",<unknown>,unknown,0.60,casual,,,
shopify:www.everlane.com:7855407956054,material,Halter Tank | Passion Fruit,"Fully lined and made from a substantial knit, this top is comfortable enough to wear without a bra. Sleek, modern, and confidence-boosting.",knit,labeled,0.60,synthetic,,,
shopify:www.everlane.com:7793247748182,sleeve_length,Forever Jersey Cropped Tee | Burnished Lilac,"Cut from regenerative cotton with a cropped length that hits just right. Oversized through the body with dropped shoulders and a relaxed crew neckline. Medium weight with a soft, lived-in feel from the first wear. Pair it with high-waisted ",<unknown>,unknown,0.60,short,,,
shopify:www.rothys.com:7457824079966,material,The Convertible Clutch - Glitzy Gold,"The Convertible Clutch in Glitzy Gold Lightweight, versatile style in a shimmery gold metallic. Knit loops on each end allows you to clip on a Bag Strap . Convert it into crossbody style or shoulder bag. Fits your on-the-go essentials, from",<unknown>,unknown,1.00,knit,,,
shopify:fahertybrand.com:8021061173317,garment_length,Short-Sleeve Palma Linen Shirt - Lilac Shell Stripe,"Crafted from 100% responsibly sourced linen, this button-up is naturally lightweight, breathable, and cooling, then specially washed for exceptional softness and an easy, lived-in feel. Finished with a button front, chest patch pocket, doub",<unknown>,unknown,1.00,hip,,,
shopify:fahertybrand.com:6900366016581,details,"Belt Loop All Day Shorts (9"") - Turquoise Sky","You know them, you love them, our All Day™ Shorts look perfectly tailored with a flat front style and have the water repellent technical performance of swimwear for increased movement and breathability. Each pair is crafted in our premium e",none,labeled,0.60,lined,,,
shopify:fahertybrand.com:6790220316741,pattern,"Belt Loop All Day Shorts (5"") - Olive","You know them, you love them, our All Day™ Shorts look perfectly tailored with a flat front style and have the water-repellant technical performance of swimwear for increased movement and breathability. Each pair is crafted in our premium e",<unknown>,unknown,0.80,solid,,,
shopify:www.taylorstitch.com:7454610948173,pattern,The Seawall Hand-Knit Sweater in Heather Graphite,"The Seawall Hand-Knit Sweater in Heather Graphite from Taylor Stitch 100% wool. Knitted by hand in Canada by Kanata Hand Knits. Custom developed waffle construction. Contrast color tipping on collar, cuff and pocket opening. Shawl collar. T",<unknown>,unknown,0.60,solid,,,
shopify:www.everlane.com:7760661413974,pattern,Relaxed Mid-Rise Bootcut Jean | Light Vintage Indigo,"This mid-rise jean has a softer boot flare shape with a lightweight feel that still holds its shape. Made from organic cotton, of course.",<unknown>,unknown,0.60,solid,,,
shopify:www.everlane.com:7859024363606,details,Gauze Smocked Dress | Black,"This knee-length dress features any easy trapeze silhouette with smocked ruffle detailing for texture. Adjustable straps allow for a more personalized fit, while on-seam pockets add to its casual vibe. Made with our breezy, breathable organ",gathered,labeled,0.80,none,,,
shopify:fahertybrand.com:7552626360389,pattern,Surf Ghana High Standard Fleece Hoodie - Silver Ash Heather,"We set out to perfect the hoodie—super soft, just the right weight, and inspired by vintage athletic wear. Made from a durable blend of Pima and organic cotton, it’s built for comfort whether you’re lounging, layering, or on the move. Featu",graphic,labeled,1.00,solid,,,
shopify:fahertybrand.com:7653256396869,details,Snow Ridge Fairisle Cardigan - Cabin Heather,"Knit from luxuriously soft yarns, this Fair Isle cardigan brings warmth and ease to cooler days. The heritage-inspired pattern feels timeless yet understated, while the relaxed fit makes it easy to layer over everything from silk camisoles ",<unknown>,unknown,0.80,none,,,
shopify:www.thursdayboots.com:7015663042650,details,[S] President | Saddlewood,Product Features Saddlewood Rugged & Resilient Leather Goodyear Welt Construction for Longevity Fully Lined Supple Glove Leather Interior Hardwearing Metal Shanks Poron® Antimicrobial Shock Absorbing Insoles Long-Lasting Kevlar® Blend Laces,lined|studded,labeled,1.00,lined,,,
shopify:naadam.co:7634686640224,fit,Lightweight Cashmere Off The Shoulder Tank,"The Lightweight Cashmere Off The Shoulder Tank is crafted from featherweight cashmere, this fine-gauge tank drapes softly with a breathable, second-skin feel. Naturally insulating yet light enough for warmer days, it’s subtly structured wit",tight,labeled,0.80,<unknown>,,,
shopify:www.everlane.com:7859754401878,colour_primary,Bubble-Sleeve Top | Passion Fruit,"Here to level-up your look, this cropped-fit top features a boat neckline and sculpted bubble sleeves that bring shape through the shoulders. It has a center back button closure. Made from an organic cotton and Bluesign®-certified silk voil",yellow,labeled,1.00,,,,
shopify:www.thursdayboots.com:7593561751642,occasion,Cobbler's Choice Premium Welt Brush | Tan,Product Features Brushes Away Hard to Reach Dirt and Dust Around the Welt of the Boot Premium Horsehair Bristles Solid Grooved Wood Handle Handcrafted with Integrity Shipping Info Domestic shipping: 2-6 business days International shipping ,<not_applicable>,not_applicable,0.80,<unknown>,,,
shopify:www.everlane.com:7859834454102,details,Godet Mini Skirt in Cotton Silk | Black,A mini skirt with godet panels that bring movement and a more defined silhouette.,<unknown>,unknown,0.60,none,,,
shopify:naadam.co:7163412283488,collar_type,Signature Cashmere Funnel Turtleneck,"More is more. The Signature Cashmere Funnel Turtleneck is a cozy knit with an oversized fit and tunic length. It features a generous funnel neckline, ribbed details, and drop shoulders. Crafted from Signature Cashmere: our classic, 12gg, 10",<not_applicable>,not_applicable,0.60,none,,,
shopify:www.thursdayboots.com:7412088373338,closure,Penny Platform | Zebra,"Product Features Black Soft Patent Leather Zebra Print Calf Hair Detailing Hand-Stitched Moccasin Toe Fully Lined Supple Glove Leather Interior Comfortable Shock-Absorbing Insoles Long Lasting 2"" Platform Rubber Outsoles Handcrafted With In",<not_applicable>,not_applicable,1.00,<unknown>,,,
shopify:fahertybrand.com:8021099315269,occasion,Reserve Knit Blazer - Sand Shell Melange,"Tailored like a classic blazer but made from a soft, breathable knit blend, this style has structure with a more comfortable, flexible feel. Finished with a two-button front, patch pockets, and real horn buttons, it’s an easy way to look pu",work,labeled,0.40,casual,,,
shopify:www.thursdayboots.com:7743079153754,pattern,Leather Cleaning Wipes | 10 Pack,"Product Features Perfect for Daily Touch-ups at Work, School, or on Vacation Dotted Side Lifts Stubborn Stains Smooth Side Removes Excess Dirt and Dust For Use On Leather Boots, Shoes, Bags, and Jackets Not For Use On Suede Or Nubuck Shippi",<not_applicable>,not_applicable,0.60,<unknown>,,,
shopify:www.everlane.com:7784909078614,closure,RetroSoft Cotton Square-Neck Tee | Black,"Giving a ‘90s silhouette a reboot, this square-neck tee pairs a slim, shrunken fit with clean cap sleeves. Made with certified organic ribbed cotton to keep you cool and comfy. The kind of top that works hard in rotation, whether tucked int",pullover,labeled,0.80,<unknown>,,,
shopify:www.outdoorvoices.com:7585335836750,fit,"FreeForm 5"" Short","Peachy-soft, made to stretch, with a confidence-boosting fit that looks as good as it feels. These shorts feature a super high-rise waistband made to hug your shape during low-impact movement.",<unknown>,unknown,1.00,tight,,,
shopify:www.everlane.com:7859024068694,sleeve_style,Textured Halter Midi Dress | Open Air Blue,"This midi dress features a flattering halter neckline, soft v-neck, and seam detailing throughout. The subtly striped fabric adds texture without overpowering. Made to move beautifully from day to night.",<unknown>,unknown,0.60,<not_applicable>,,,
shopify:www.taylorstitch.com:7579199668301,garment_category,The Button Down Polo in Gulf Stream Herringbone,The Button Down Polo in Gulf Stream Herringbone from Taylor Stitch 100% organic cotton. 14 gauge yarns. Herringbone knit construction on the body and sleeves. Flat rib knit collar. 1x1 rib on sleeve and bottom opening. Straight hem. Hand wa,shirt_blouse,labeled,0.60,top,,,
shopify:www.everlane.com:7841452032086,occasion,Lace Knit Maxi Sweater Dress | Henna Red,"Your most dressy summer vacation dress or the perfect option for wedding season, this V-neck maxi dress features an intricate lace knit pattern across the full silhouette. A seam above the knee shifts the stitch, creating a subtle flare thr",formal,labeled,1.00,<unknown>,,,
shopify:www.thursdayboots.com:6797126336602,pattern,[S] Scout | Safari,Product Features Safari Waxed WeatherSafe™ Suede Goodyear Welt Construction for Longevity Fully Lined Supple Glove Leather Interior Hardwearing Metal Shanks Poron® Antimicrobial Shock Absorbing Insole Long-Lasting Kevlar® Blend Laces Cork-B,<unknown>,unknown,1.00,solid,,,
shopify:www.untuckit.com:7853403603022,closure,Vintage Wash Short-Sleeve Finchley Shirt,"We've recreated the feeling of your favorite lived-in shirt with our new Vintage Wash styles. Given a special treatment that breaks down fibers for a soft feel from the very first wear, this slub cotton shirt also has slight distressing for",<unknown>,unknown,1.00,single_breasted,,,
shopify:www.taylorstitch.com:7355710865485,garment_category,The Button Down Polo in Heather Oat Herringbone,The Button Down Polo in Heather Oat Herringbone from Taylor Stitch 100% organic cotton. 14 gauge yarns. Herringbone knit construction on the body and sleeves. Flat rib knit collar. 1x1 rib on sleeve and bottom opening. Straight hem. Hand wa,shirt_blouse,labeled,1.00,top,,,
shopify:www.everlane.com:7825077862486,silhouette,Open-Knit Tunic Vest in Elevated Cotton | Peyote,"A tunic-style vest that leans more warm-weather layer than sweater. With a wide boat neckline and sleeveless silhouette, it offers subtle shoulder coverage. Hitting below the hip, it creates an easy, relaxed line through the body. Made with",straight,labeled,1.00,<unknown>,,,
shopify:www.taylorstitch.com:7579181809741,sleeve_length,The Button Down Polo in Desert Herringbone,The Button Down Polo in Desert Herringbone from Taylor Stitch 100% organic cotton. 14 gauge yarns. Herringbone knit construction on the body and sleeves. Flat rib knit collar. 1x1 rib on sleeve and bottom opening. Straight hem. Hand wash co,short,labeled,1.00,,,,
shopify:naadam.co:7278785036384,garment_category,Cashmere Ribbed Asymmetrical Top,"Lines of distinction. This asymmetrical top reimagines ribbing with architectural appeal. Crafted from Mongolian cashmere in a slim fit, it creates visual movement. Layer under blazers for office wear, or pair with high-waisted trousers for",top,labeled,1.00,sweater,,,
shopify:www.everlane.com:7825077895254,silhouette,Open-Knit Tunic Vest in Elevated Cotton | Navy,"A tunic-style vest that leans more warm-weather layer than sweater. With a wide boat neckline and sleeveless silhouette, it offers subtle shoulder coverage. Hitting below the hip, it creates an easy, relaxed line through the body. Made with",straight,labeled,1.00,<unknown>,,,
shopify:www.tentree.com:8143577841850,neckline,Robson Dress,"This long, ribbed Henley dress is made from a comfy modal–organic cotton blend with just enough stretch to move with you. Perfect under a vest, a cardigan, or nothing at all if the weather holds up.",collarless,labeled,0.60,<unknown>,,,
shopify:www.tentree.com:8322460647610,sleeve_style,Sequoia Jumpsuit,"What says summer more than an all-in-one outfit? With a relaxed fit, stitched-on patch pockets and adjustable straps, the Sequoia Jumpsuit is a laid-back, layer-friendly favorite.",<unknown>,unknown,0.60,<not_applicable>,,,
shopify:www.thursdayboots.com:7444713570394,material,Cobbler's Choice Leather Cleaner + Brush Bundle,Product Features Includes Leather Cleaner & Shoe Brush Designed To Clean Your Leather Goods Instructions on Label 6 oz. Bottle Assembled in the USA Cobbler's Choice Brand Shipping Info Domestic shipping: 2-6 business days International ship,<not_applicable>,not_applicable,0.60,<unknown>,,,
shopify:www.everlane.com:7855407956054,closure,Halter Tank | Passion Fruit,"Fully lined and made from a substantial knit, this top is comfortable enough to wear without a bra. Sleek, modern, and confidence-boosting.",<not_applicable>,not_applicable,0.60,<unknown>,,,
shopify:fahertybrand.com:8021115928645,sleeve_style,Faherty x Quiksilver Heavy Wash Tee - Teal Tropics,"Part of our collaboration with Quiksilver, this oversized, relaxed tee is made from a soft blend of organic and recycled cotton with a broken-in feel from the first wear. Garment-dyed for a vintage, sun-faded look that softens over time, it",set_in,labeled,0.60,<unknown>,,,
shopify:www.thursdayboots.com:7303390494810,details,Cobbler's Choice Leather Balm,Product Features Conditions and Restores Leather Non-Darkening Formula Deeply Buffs For A Beautiful Shine Easy Application With Instructions On Bottle 4oz (133.5 mL) Made in the USA Note:  This product may slightly darken Natural and Rugged,<not_applicable>,not_applicable,0.80,none,,,
shopify:fahertybrand.com:8021115863109,pattern,Faherty x Quiksilver Heavy Wash Tee - Bright Sun,"Part of our collaboration with Quiksilver, this oversized, relaxed tee is made from a soft blend of organic and recycled cotton with a broken-in feel from the first wear. Garment-dyed for a vintage, sun-faded look that softens over time, it",<unknown>,unknown,0.60,solid,,,
shopify:www.everlane.com:7810423160918,fit,Notch Collar Shirt in Silk Georgette | Navy,"Meet your new go-to short-sleeve shirt. With its V-neckline and notch collar, it has gentle gathers at the cuffs and is finished with picot-edge embroidery. Made with a lightweight silk georgette with a crepey feel and fluid drape, for easy",loose,labeled,0.80,<unknown>,,,
shopify:www.thursdayboots.com:7743079153754,occasion,Leather Cleaning Wipes | 10 Pack,"Product Features Perfect for Daily Touch-ups at Work, School, or on Vacation Dotted Side Lifts Stubborn Stains Smooth Side Removes Excess Dirt and Dust For Use On Leather Boots, Shoes, Bags, and Jackets Not For Use On Suede Or Nubuck Shippi",<not_applicable>,not_applicable,0.60,<unknown>,,,
shopify:fahertybrand.com:8021064941637,collar_type,Cotton Hemp Maxi Dress - Black,"Made from a breathable blend of organic cotton, hemp, and soft plant-based fibers, this maxi dress has a lightweight feel with a natural texture. Designed with a V-neckline, button front, and subtle ruching at the waist, it creates shape wh",<unknown>,unknown,0.60,none,,,
shopify:www.untuckit.com:7411623657550,closure,Stretch Cotton Safari Print Elise Shirt Dress,"Need a fun look for an upcoming event? This stunning Elise Shirt Dress, with its bold safari print, makes any look pop. Long sleeves make it an excellent transitional style as the weather cools. The length is perfect for this season, and si",<unknown>,unknown,1.00,single_breasted,,,
shopify:www.marinelayer.com:8213623701578,details,Izzy Denim Shift Dress,,<unknown>,unknown,1.00,none,,,
shopify:naadam.co:7505740759136,details,Super Fine Cashmere Sleeveless Turtleneck Dress,"An elegant shift. The Super Fine Cashmere Sleeveless Turtleneck Dress is made from lightweight 100% cashmere with a slim fit and ankle length. Minimalist, breathable, and effortlessly refined.",<unknown>,unknown,0.80,none,,,
shopify:www.everlane.com:7859754664022,collar_type,Halter Tank | Rose Violet,"Fully lined and made from a substantial knit, this top is comfortable enough to wear without a bra. Sleek, modern, and confidence-boosting.",<unknown>,unknown,0.60,none,,,
shopify:www.untuckit.com:7853403111502,closure,Performance Whitman Shirt,"Finally, a shirt that works as hard as you do. Our Performance fabric is breathable, quick-drying, and has stretch for all-day comfort—plus it's sweat-wicking and easy to care for. It comes out of the dryer ready to wear, so you can look sh",<unknown>,unknown,1.00,,,,
shopify:www.everlane.com:7859754926166,occasion,Mini Shift Dress in Stretch Linen | Passion Fruit,Made from stretch linen that's breathable and comfortable. Dress it up or down—it’s ready for both.,<unknown>,unknown,0.80,casual,,,
shopify:naadam.co:6619043692640,occasion,Cashmere Shoulder Cut Out Turtleneck,"Cold shoulders aren't always a bad thing. The Cashmere Shoulder Cut Out Turtleneck features a high neck, ribbing at the cuffs and hem and a peek-a-boo shoulder that's as chic as it is sultry. Wear it with slacks or your favorite jeans, this",casual,labeled,0.80,<unknown>,,,
shopify:www.thursdayboots.com:7444717994074,pattern,Cobbler's Choice Leather Conditioner + Brush Bundle,"Product Features Includes Leather Conditioner & Shoe Brush Designed To Restore, Condition & Protect Your Leather Goods Instructions on Label 6 oz. Bottle Assembled in the USA Cobbler's Choice Brand Shipping Info Domestic shipping: 2-6 busin",<not_applicable>,not_applicable,0.60,<unknown>,,,
shopify:www.untuckit.com:7853402357838,occasion,Wrinkle-Free Ridgewell Shirt,"Who has time to iron? We gave our 100% cotton Wrinkle-Free Shirts a heat-activated finish that resists wrinkles all day long. They come out of the dryer ready to wear, so you can look sharp with zero extra effort—and get out the door faster",work,labeled,0.80,casual,,,
shopify:fahertybrand.com:6900366082117,garment_length,"Belt Loop All Day Shorts (7"") - Turquoise Sky","You know them, you love them, our All Day™ Shorts look perfectly tailored with a flat front style and have the water repellant technical performance of swimwear for increased movement and breathability. Each pair is crafted in our premium e",<unknown>,unknown,0.60,above_knee,,,
shopify:www.tentree.com:8326289424570,occasion,Ashland Skirt,"A worthy addition to your skirt rotation, this lightweight A-line design has a flat-front waistband with a partial elasticized back to keep things comfy when you’re on the go",<unknown>,unknown,1.00,casual,,,
shopify:www.girlfriend.com:7844788469823,collar_type,Eucalyptus Tabitha Wrap Tank,,<unknown>,unknown,0.60,none,,,
shopify:www.everlane.com:7859754860630,silhouette,Mini Shift Dress in Stretch Linen | Dark Brown,Made from stretch linen that's breathable and comfortable. Dress it up or down—it’s ready for both.,shift,labeled,1.00,,,,
shopify:www.untuckit.com:7628200640590,neckline,Jersey Slub Short-Sleeve Henley - FINAL SALE,Summer’s heating up—so now’s the ideal time to swap in a Henley that keeps you cool while elevating your everyday style. We crafted this laid-back essential from a breathable cotton-blend fabric with just the right amount of stretch for all,collarless,labeled,0.80,<unknown>,,,
shopify:fahertybrand.com:6884728930373,pattern,Varsity Jacket - Navy,"An oldie but a goodie – this throwback varsity jacket has all the classic sporty stylings you remember, updated with a Faherty touch inspired by the great outdoors. From the front chenille patch to the back which features a large embroidere",graphic,labeled,0.80,solid,,,
shopify:www.everlane.com:7543777362006,occasion,The Carpenter Jean | Mid Indigo,"In a relaxed, baggy fit—that’s extra baggy at the leg, it features utilitarian stitching and front panels, with slanted pockets, patch back pockets, and a zipper fly. Designed to be worn oversized, if you’re looking for a slightly less bagg",<unknown>,unknown,0.60,casual,,,
shopify:www.tentree.com:8322460647610,material,Sequoia Jumpsuit,"What says summer more than an all-in-one outfit? With a relaxed fit, stitched-on patch pockets and adjustable straps, the Sequoia Jumpsuit is a laid-back, layer-friendly favorite.",<unknown>,unknown,1.00,synthetic,,,
shopify:www.everlane.com:7784908292182,collar_type,Scoop-Neck Midi Dress in Pointelle Knit | Lemon Icing,"This scoop U-neckline midi dress features a close, contoured fit with a center-back seam to add shape to the silhouette. Made with our pointelle fabric for subtle texture and breathability, it’s an easy warm-weather dress you'll live in all",<unknown>,unknown,0.60,none,,,
shopify:www.everlane.com:7859754401878,garment_category,Bubble-Sleeve Top | Passion Fruit,"Here to level-up your look, this cropped-fit top features a boat neckline and sculpted bubble sleeves that bring shape through the shoulders. It has a center back button closure. Made from an organic cotton and Bluesign®-certified silk voil",top,labeled,0.60,shirt_blouse,,,
shopify:www.outdoorvoices.com:7875604021326,sleeve_style,Joggy Dress,One shoulder dress with supportive TechSweat upper body for high sweat support and easy LightSpeed skirt. The Joggy Dress combines two of our legacy fabrics into one easy dress. Dress features built in shelf bra but no built-in-short liner ,<unknown>,unknown,0.80,<not_applicable>,,,
shopify:naadam.co:6620058484832,waistline,Mixed Media Puffer Vest,"This sleek vest is the perfect layer when you need a little added warmth, and a lot of added style. The hood, drawstrings, and zip front give the illusion of layering without the extra weight. Throw this over a cashmere sweater for an effor",<unknown>,unknown,0.60,<not_applicable>,,,
shopify:www.untuckit.com:6819557179470,details,Wool Hilburn Turtleneck - FINAL SALE,"There’s nothing like a luxuriously soft turtleneck this time of year. Made from 100% breathable wool, this style from our seaside-inspired Dublin collection features comfortable raglan sleeves, which complement the iconic turtleneck collar ",<unknown>,unknown,0.80,none,,,
shopify:www.untuckit.com:7590258475086,closure,Stretch Cotton Sleeveless Cordelia Shirt Dress,"Our Cordelia Shirt Dress blooms forth with a pop of fresh spring color. Made from lightweight cotton sateen with just enough added stretch, it's the effortless silhouette that'll keep you cool and comfortable all season long. It also featur",<unknown>,unknown,1.00,single_breasted,,,
shopify:www.taylorstitch.com:6865636294733,waistline,The Workhorse Jacket in Coal Chipped Canvas,The Workhorse Jacket in Coal Chipped Canvas from Taylor Stitch 12.5-oz. 100% organic cotton canvas. Custom developed for Taylor Stitch. 8.5-oz. 100% organic cotton corduroy on collar and inside cuffs. 7-oz. 100% organic cotton brushed pocke,<unknown>,unknown,1.00,none,,,
shopify:fahertybrand.com:7721860857925,collar_type,Sunbeam Dress - Luna Mixed Print,"Easygoing and full of charm, this standout maxi dress is designed for warm days and relaxed moments. The smocked waistband adds a hint of shape, while the tiered skirt and delicate drawcord details at the straps and waist bring a subtle, ro",<unknown>,unknown,0.60,none,,,
shopify:www.tentree.com:8143575908538,collar_type,Spokane Fleck Sweater,"Cozy gets an upgrade. Made from soft, textured flecked organic cotton yarn, this relaxed cowl neck sweater has side slits for easy layering and all the warmth you want when the temps drop.",<unknown>,unknown,0.60,none,,,
shopify:fahertybrand.com:7876161929285,neckline,Recycled Cotton Jersey T-Shirt Dress - Washed Black,"Made from a heavyweight jersey knit of organic and recycled cotton, this T-shirt dress has a relaxed, straight fit with a soft feel that relaxes and improves over time. Garment-dyed for subtle color variation, each piece is one of a kind, f",<unknown>,unknown,1.00,crew,,,
shopify:www.rothys.com:7597343113310,closure,The Travel Duffel - Forest,"The Travel Duffel in Forest Lightweight, durable design in olive green . Spacious coral interior fits everything you need for the perfect weekend away. Exterior zip pocket and interior slip pocket for your phone, wallet, keys. Durable, comf",<unknown>,unknown,0.80,zip,,,
shopify:www.everlane.com:7859024363606,sleeve_length,Gauze Smocked Dress | Black,"This knee-length dress features any easy trapeze silhouette with smocked ruffle detailing for texture. Adjustable straps allow for a more personalized fit, while on-seam pockets add to its casual vibe. Made with our breezy, breathable organ",<not_applicable>,not_applicable,0.80,sleeveless,,,
shopify:fahertybrand.com:8021113339973,occasion,Voile Sundance Dress - Garden Whispers,"Made from 100% organic cotton voile, this maxi dress has a light, airy feel with a soft drape that moves easily. Designed with an off-shoulder neckline and a smocked bodice, it creates a flattering, easy shape that still feels relaxed. Fit:",<unknown>,unknown,1.00,casual,,,
shopify:www.everlane.com:7859754860630,pattern,Mini Shift Dress in Stretch Linen | Dark Brown,Made from stretch linen that's breathable and comfortable. Dress it up or down—it’s ready for both.,<unknown>,unknown,1.00,solid,,,
shopify:www.everlane.com:7841453080662,material,Boatneck Cap-Sleeve Top in Butterknit | Black,A simple shape with cap sleeves that feels a little more refined.,<unknown>,unknown,0.80,synthetic,,,
shopify:www.taylorstitch.com:7579181613133,occasion,The Monterey Sweater Polo in Deep Sea Geo Crochet,The Monterey Sweater Polo in Deep Sea Geo Crochet from Taylor Stitch 100% organic cotton. 7 gauge yarns. Open knit geo construction on the body and sleeves. Flat rib knit collar. 1x1 rib on sleeve and bottom opening. Straight hem. Hand wash,casual,labeled,0.60,<unknown>,,,
shopify:fahertybrand.com:7055925936197,closure,"Belt Loop All Day Shorts (9"") - Olive","You know them, you love them, our All Day™ Shorts look perfectly tailored with a flat front style and have the water repellent technical performance of swimwear for increased movement and breathability. Each pair is crafted in our premium e",zip,labeled,0.60,fly,,,
shopify:fahertybrand.com:7876161929285,garment_length,Recycled Cotton Jersey T-Shirt Dress - Washed Black,"Made from a heavyweight jersey knit of organic and recycled cotton, this T-shirt dress has a relaxed, straight fit with a soft feel that relaxes and improves over time. Garment-dyed for subtle color variation, each piece is one of a kind, f",<unknown>,unknown,1.00,maxi,,,
shopify:www.untuckit.com:7590240911438,collar_type,Cotton Marguerite Midi Dress,"Stand out from the crowd this season in the always-chic Marguerite Midi Dress, with its spring-ready ikat print, cascading skirt, and sleek scoop-neck construction. We used a breathable, lightweight cotton and gave it a fully-lined body, el",<unknown>,unknown,0.80,none,,,
shopify:www.thursdayboots.com:7593555198042,occasion,Cobbler's Choice Brush Kit | Brown,"Product Features Includes Shoe Brush, Welt Brush, Dauber Brush, and Microfiber Cloth Shoe Brush to Clean and Buff Dauber Brush to Apply Creams and Polishes Welt Brush to Clean Dirt and Dust in Hard to Reach Crevices Microfiber Cloth to Appl",<not_applicable>,not_applicable,0.60,<unknown>,,,
shopify:www.thursdayboots.com:7416854642778,closure,Penny Platform | Leopard,"Product Features Black Soft Patent Leather Leopard Print Calf Hair Detailing Metal Horsebit Detail With Gold Finish Hand-Stitched Moccasin Toe Fully Lined Supple Glove Leather Interior Comfortable Shock-Absorbing Insoles Long Lasting 2"" Pla",<not_applicable>,not_applicable,1.00,<unknown>,,,
shopify:www.everlane.com:7855404286038,fit,Luxe Rib V-Neck Henley | Coffee Bean,"A henley with a little extra. It features elbow-length sleeves, a clean V neckline, and a slim, easy fit. Non-functional buttons run along the neckline trim, with only the center front buttons designed to open—adding detail without changing",regular,labeled,0.60,<unknown>,,,
shopify:www.rothys.com:7597343047774,details,The Travel Cinch Backpack - Forest,"The Travel Cinch Backpack in Forest Lightweight and durable, this olive green bag features green camo details—and opens up to a roomy coral interior. Drawstring and metal snap closure for extra security. Cinch it up. Exterior zip pocket and",<unknown>,unknown,0.60,none,,,
shopify:www.untuckit.com:7625422176334,closure,Performance Short-Sleeve Ireton Shirt - FINAL SALE,"The ultimate warm-weather shirt does exist—and you’ve found it. This style does it all: wicks sweat, stretches to your comfort, and resists wrinkling all day. The sun-ready print is ideal for warmer weather, and the perfect-length sleeves w",<unknown>,unknown,1.00,single_breasted,,,
shopify:www.everlane.com:7543777362006,pattern,The Carpenter Jean | Mid Indigo,"In a relaxed, baggy fit—that’s extra baggy at the leg, it features utilitarian stitching and front panels, with slanted pockets, patch back pockets, and a zipper fly. Designed to be worn oversized, if you’re looking for a slightly less bagg",<unknown>,unknown,0.80,solid,,,
shopify:www.tentree.com:8360513831098,sleeve_style,Fairweather Dress,"This stylish throw-on, fit-and-flare dress has functional buttons and adjustable straps to style it as you like with ruffle detailing that elevates its playful cut. One thing we know for sure, It’ll be the talk of your closet.",<unknown>,unknown,0.60,<not_applicable>,,,
shopify:naadam.co:7278783660128,material,Cotton Silk Pointelle Skirt,"Artful ease. This midi skirt combines cotton, linen, and silk in an intricate pointelle pattern that catches both light and attention. The slim fit creates an elegant line while maintaining comfort and movement. Style with a fitted knit for",<unknown>,unknown,1.00,cotton,,,
shopify:naadam.co:7505739645024,collar_type,Signature Cashmere One Shoulder Dress,"An easy drape. The Signature Cashmere One Shoulder Dress is made from midweight 100% signature cashmere with a relaxed fit and ankle-grazing length. Minimal effort, maximum elegance.",<unknown>,unknown,0.80,none,,,
shopify:www.american-giant.com:10297736462517,material,Women's Luxe Rib Turtleneck - Purple Velvet,,<unknown>,unknown,0.80,knit,,,
shopify:www.everlane.com:7809976303702,closure,Maxi Dress in Silk Georgette | Floral/Black,"This sleeveless maxi dress features a front surplice neckline with a paneled skirt that adds volume and flow. Designed with tuck and gather detailing at the shoulder and waist, it has a tie-back detail for an adjustable fit. Made with our s",wrap,labeled,0.60,<unknown>,,,
shopify:fahertybrand.com:8021114355781,waistline,Sunbeam Dress - Spellbound Coastal Stripe,"Lightweight and easy with a soft, fluid drape, this sleeveless dress is made for warm days and effortless wear. Designed with a smocked waist, adjustable drawcord details, and a tiered skirt, it creates a flattering shape while still feelin",normal,labeled,0.60,<unknown>,,,
shopify:www.rothys.com:7597343113310,garment_length,The Travel Duffel - Forest,"The Travel Duffel in Forest Lightweight, durable design in olive green . Spacious coral interior fits everything you need for the perfect weekend away. Exterior zip pocket and interior slip pocket for your phone, wallet, keys. Durable, comf",<not_applicable>,not_applicable,1.00,,,,
shopify:www.everlane.com:7855404449878,details,Tissue Boatneck Tank with Side Tie | Beech,A double-layer boatneck with an open side that reveals the slim layer underneath.,cutout,labeled,0.60,<unknown>,,,
shopify:www.everlane.com:7825077895254,pattern,Open-Knit Tunic Vest in Elevated Cotton | Navy,"A tunic-style vest that leans more warm-weather layer than sweater. With a wide boat neckline and sleeveless silhouette, it offers subtle shoulder coverage. Hitting below the hip, it creates an easy, relaxed line through the body. Made with",<unknown>,unknown,0.60,solid,,,
shopify:www.everlane.com:7859025150038,pattern,Bubble-Sleeve Mini Dress in Cotton Silk Voile | Black,"A mini dress with sculpted bubble sleeves and V-necklines at the front and back. A center front seam and French darts give shape to the body. Made with organic cotton and Bluesign®-certified silk voile and fully lined, it has an airy feel w",<unknown>,unknown,0.60,solid,,,
shopify:www.outdoorvoices.com:7585339179086,occasion,Cross Back Dress,An A-line dress with a twist. Made in our breathable LightSpeed fabric featuring an open back with cross straps and a built-in shorts liner with hidden pockets.,<unknown>,unknown,1.00,athletic,,,
shopify:www.american-giant.com:7285758001333,sleeve_length,Women's Flex Dress - Meteorite,Our take on the timeless fit and flare dress that’s been a classic dress for close to a century. Square neckline with generous coverage. Custom stretch knit through the bodice comfortably holds you in and flares out at the bottom to give yo,<not_applicable>,not_applicable,0.60,sleeveless,,,
shopify:fahertybrand.com:8021115928645,collar_type,Faherty x Quiksilver Heavy Wash Tee - Teal Tropics,"Part of our collaboration with Quiksilver, this oversized, relaxed tee is made from a soft blend of organic and recycled cotton with a broken-in feel from the first wear. Garment-dyed for a vintage, sun-faded look that softens over time, it",<unknown>,unknown,0.60,none,,,
shopify:www.everlane.com:7855407956054,collar_type,Halter Tank | Passion Fruit,"Fully lined and made from a substantial knit, this top is comfortable enough to wear without a bra. Sleek, modern, and confidence-boosting.",<unknown>,unknown,1.00,none,,,
shopify:fahertybrand.com:8133911969861,pattern,Jalen Brunson High Standard Fleece Hoodie - Antique Ivory Heather,"e teamed up with Jalen Brunson on a small collection of everyday styles built around one idea: show up, do the work, repeat. Classic Faherty craftsmanship and Jalen's off-court style come together in relaxed fits and quality materials that ",<unknown>,unknown,0.80,solid,,,
shopify:www.everlane.com:7562831855702,pattern,The Drape Trench | Sandstone,"The Drape Trench features double-breasted buttons, an exaggerated collar, side pockets, and a slightly oversized fit for an of-the-moment look. It gets its drape from our breathable, lightweight fabric that’s soft to the touch. It’s so cute",<unknown>,unknown,1.00,solid,,,
shopify:fahertybrand.com:7784147910725,colour_primary,Double Knit Crewneck - Oat Navy Stripe,"Built for cooler days and crisp nights, this double-knit sweater is rugged on the outside and ridiculously soft on the inside. The blend of long-staple Pima cotton and TENCEL™ Modal gives it the perfect balance of durability, breathability,",multicolour,labeled,1.00,,,,
shopify:www.outdoorvoices.com:7797990981710,details,CloudKnit Wide Leg Pant,"A high-ride wide leg sweatpant in our soft, lightweight, and breathable CloudKnit fabric. These are guaranteed to provide you maximum comfort.",<unknown>,unknown,0.80,none,,,
shopify:www.american-giant.com:10297736462517,collar_type,Women's Luxe Rib Turtleneck - Purple Velvet,,<unknown>,unknown,1.00,none,,,
shopify:fahertybrand.com:8021113405509,silhouette,Sophia Smocked Dress - Chocolate Petal,"Designed with an easy, flattering shape, this sleeveless dress features a fully smocked bodice with a soft scoop neckline and a gently flared skirt. Made from a smooth, lightweight fabric that moves naturally, it feels comfortable and breat",flare,labeled,0.80,fit_and_flare,,,
shopify:naadam.co:6642348490848,pattern,Silk Cashmere Cutout Turtleneck,"The Silk Cashmere Reversible Turtleneck is a slim-fitting statement top with a classic length. It features a wide cutout that can be worn in the front or back, long sleeves, and all-over ribbing. Crafted from a smooth, breathable blend of s",<unknown>,unknown,1.00,solid,,,
shopify:fahertybrand.com:8021063663685,closure,Miramar Linen Tee - Mocha Stripe,"Made from our Miramar linen-cotton yarn, this relaxed tee has a breathable, lightweight feel with a soft drape that stays comfortable in the heat. Finished with three-quarter sleeves and rib trim at the neckline, sleeves, and hem, it’s an e",pullover,labeled,0.40,<unknown>,,,
shopify:www.outdoorvoices.com:7585335836750,details,"FreeForm 5"" Short","Peachy-soft, made to stretch, with a confidence-boosting fit that looks as good as it feels. These shorts feature a super high-rise waistband made to hug your shape during low-impact movement.",<unknown>,unknown,0.60,none,,,
shopify:fahertybrand.com:8021113405509,collar_type,Sophia Smocked Dress - Chocolate Petal,"Designed with an easy, flattering shape, this sleeveless dress features a fully smocked bodice with a soft scoop neckline and a gently flared skirt. Made from a smooth, lightweight fabric that moves naturally, it feels comfortable and breat",<unknown>,unknown,0.60,none,,,
shopify:www.thursdayboots.com:7332010098778,details,Everyday Tote | Cuero (XL) (Gold),Product Features Cuero Full-Grain Leather Internal Pocket For Easy Storage Convenient Phone Compartment For Quick Access Double Leather Handles For Durability Long-Lasting Rivets With Gold Finish Handcrafted With Integrity Shipping Info Fre,<unknown>,unknown,0.60,none,,,
shopify:www.thursdayboots.com:7593564405850,occasion,Cobbler's Choice Premium Dauber Brush | Tan,Product Features Applies Leather Creams and Polishes Premium Horsehair Bristles Solid Grooved Wood Handle Handcrafted with Integrity Shipping Info Domestic shipping: 2-6 business days International shipping available Expedited shipping opti,<not_applicable>,not_applicable,0.60,<unknown>,,,
shopify:www.thursdayboots.com:7593555198042,details,Cobbler's Choice Brush Kit | Brown,"Product Features Includes Shoe Brush, Welt Brush, Dauber Brush, and Microfiber Cloth Shoe Brush to Clean and Buff Dauber Brush to Apply Creams and Polishes Welt Brush to Clean Dirt and Dust in Hard to Reach Crevices Microfiber Cloth to Appl",<not_applicable>,not_applicable,0.80,none,,,
shopify:www.everlane.com:7855407956054,occasion,Halter Tank | Passion Fruit,"Fully lined and made from a substantial knit, this top is comfortable enough to wear without a bra. Sleek, modern, and confidence-boosting.",<unknown>,unknown,1.00,casual,,,
shopify:www.everlane.com:7859023970390,collar_type,Textured Halter Midi Dress | Black,"This midi dress features a flattering halter neckline, soft v-neck, and seam detailing throughout. The subtly striped fabric adds texture without overpowering. Made to move beautifully from day to night.",<unknown>,unknown,0.60,none,,,
shopify:naadam.co:6835720716384,fit,Signature Cashmere One Shoulder Sweater,"The Cashmere One Shoulder Sweater is a chic knit with a relaxed classic fit and short classic length designed to skim the top of the hip bones. It features a cold-shoulder silhouette, ribbed details, and fitted waistband for added dimension",regular,labeled,0.60,loose,,,
shopify:www.everlane.com:7784909307990,collar_type,RetroSoft Cotton One-Shoulder Tank | Fiery Red,"With a wide strap and a slim fit, this one-shoulder top channels that easy, minimalist ‘90s attitude. Made with certified organic ribbed cotton to keep you cool and comfy. Strong with denim, sharper with tailored pants, and built to anchor ",<unknown>,unknown,0.60,none,,,
shopify:www.tentree.com:8322436235450,colour_primary,Denim Nova Overall,"The epitome of throw it on and go, these denim overalls keep comfort close with a double-V neckline, perfectly placed pockets, and organic cotton that’s so soft you’ll want to spend your whole day in these.",blue,labeled,1.00,<unknown>,,,
shopify:fahertybrand.com:8021113471045,neckline,Dune Cotton Gauze Wrap Dress - White,"Made from lightweight cotton gauze, this wrap dress has a soft, airy feel that stays comfortable on warm days. Designed with a true wrap silhouette and adjustable tie waist, it creates a flattering shape with an easy, relaxed drape. Fit: Tr",<unknown>,unknown,0.80,wrap,,,
shopify:fahertybrand.com:7876140564549,garment_length,Coastal Poplin Bondhi Dress - Black,"Crafted from organic cotton, this coastal poplin is tightly woven to hold rich, saturated color while maintaining a lightweight feel, holding its shape without stiffness and washed for a soft, lived-in finish. Designed with a softly shirred",<unknown>,unknown,0.80,maxi,,,
shopify:www.thursdayboots.com:7015663042650,colour_primary,[S] President | Saddlewood,Product Features Saddlewood Rugged & Resilient Leather Goodyear Welt Construction for Longevity Fully Lined Supple Glove Leather Interior Hardwearing Metal Shanks Poron® Antimicrobial Shock Absorbing Insoles Long-Lasting Kevlar® Blend Laces,<unknown>,unknown,1.00,brown,,,
shopify:naadam.co:6642348556384,silhouette,Silk Cashmere Midi Tank Dress,"The Silk Cashmere Midi Tank Dress is a slim-fitting dress with a midi length. It features a scoop neckline, side slit, and all-over ribbing. Crafted from a smooth, breathable blend of silk and cashmere.",bodycon,labeled,0.60,<unknown>,,,
shopify:www.thursdayboots.com:7444713570394,details,Cobbler's Choice Leather Cleaner + Brush Bundle,Product Features Includes Leather Cleaner & Shoe Brush Designed To Clean Your Leather Goods Instructions on Label 6 oz. Bottle Assembled in the USA Cobbler's Choice Brand Shipping Info Domestic shipping: 2-6 business days International ship,<not_applicable>,not_applicable,0.80,none,,,
shopify:naadam.co:7634686640224,garment_category,Lightweight Cashmere Off The Shoulder Tank,"The Lightweight Cashmere Off The Shoulder Tank is crafted from featherweight cashmere, this fine-gauge tank drapes softly with a breathable, second-skin feel. Naturally insulating yet light enough for warmer days, it’s subtly structured wit",sweater,labeled,1.00,top,,,
shopify:www.everlane.com:7827412713558,details,Cowl Neck Twist Tank in Butterluxe | Black,"This tank features a draped cowl neckline created by a twisted shoulder detail. The slim fit keeps the silhouette clean, while the soft knit adds just enough structure to hold the shape. It’s an easy piece to dress up for summer evenings—ju",<unknown>,unknown,0.60,none,,,
shopify:www.everlane.com:7784906915926,material,Bubble-Sleeve Top | Bone,"Here to level-up your look, this cropped-fit top features a boat neckline and sculpted bubble sleeves that bring shape through the shoulders. It has a center back button closure. Made from an organic cotton and Bluesign®-certified silk voil",<unknown>,unknown,0.60,cotton,,,
shopify:www.everlane.com:7793247748182,closure,Forever Jersey Cropped Tee | Burnished Lilac,"Cut from regenerative cotton with a cropped length that hits just right. Oversized through the body with dropped shoulders and a relaxed crew neckline. Medium weight with a soft, lived-in feel from the first wear. Pair it with high-waisted ",<unknown>,unknown,0.40,pullover,,,
shopify:www.everlane.com:7784909668438,silhouette,Scoop-Neck Tank in Pointelle | Deep Navy,"A cropped tank with a rounded square neckline and scalloped trim at the neck and armholes. Made from our pointelle fabric, it adds texture and detail to a clean, fitted silhouette. Pair it with cargo pants, a low-rise trouser, or styled und",bodycon,labeled,0.60,<unknown>,,,
shopify:www.everlane.com:7849644228694,pattern,Made in Italy Braided Kitten Heel | Silver Leather,"An adjustable ankle strap keeps the fit secure, while the mid-height heel adds just enough lift for comfy, everyday wear. Easy to dress up or down, it works just as well with denim as it does with dresses.",<unknown>,unknown,1.00,solid,,,
shopify:www.taylorstitch.com:7307482333261,pattern,The Workhorse Hoodie in Aged Penny Chipped Canvas,"The Workhorse Hoodie in Aged Penny Chipped Canvas from Taylor Stitch 12.5-oz. 100% organic cotton canvas. Custom developed for Taylor Stitch. 1.5-oz. 100% recycled nylon diamond quilted with recycled polyfill in body, sleeve and hood lining",<unknown>,unknown,0.80,solid,,,
shopify:fahertybrand.com:8021113405509,garment_length,Sophia Smocked Dress - Chocolate Petal,"Designed with an easy, flattering shape, this sleeveless dress features a fully smocked bodice with a soft scoop neckline and a gently flared skirt. Made from a smooth, lightweight fabric that moves naturally, it feels comfortable and breat",<unknown>,unknown,1.00,maxi,,,
shopify:www.everlane.com:7827422478422,garment_length,Halter Tank | White,"Fully lined and made from a substantial knit, this top is comfortable enough to wear without a bra. Sleek, modern, and confidence-boosting.",<unknown>,unknown,1.00,,,,
shopify:naadam.co:7278785036384,closure,Cashmere Ribbed Asymmetrical Top,"Lines of distinction. This asymmetrical top reimagines ribbing with architectural appeal. Crafted from Mongolian cashmere in a slim fit, it creates visual movement. Layer under blazers for office wear, or pair with high-waisted trousers for",<not_applicable>,not_applicable,1.00,<unknown>,,,
shopify:www.everlane.com:7784911405142,colour_primary,Cinched Dress in Stretch Linen | Bone,"A midi dress with a V-neckline and soft, dolman flutter sleeves, it features gathered detailing at the waist to create shape. Made from our stretch linen fabric, it balances structure and movement. Easy to wear with flat sandals for day or ",white,labeled,1.00,beige,,,
shopify:www.thursdayboots.com:7539897925722,collar_type,Union Bomber Jacket | Olive,"Product Features 6.5oz Cotton/Polyester Shell With Weather-Resistant Finish Quilted Lining, Insulated for Warmth & Comfort Ribbing At The Cuffs, Collar, and Waistband Long-Lasting Metal Zipper Twin Side Pockets With 100% Nylon Lining Hidden",band,labeled,0.80,<unknown>,,,
shopify:fahertybrand.com:7876161929285,closure,Recycled Cotton Jersey T-Shirt Dress - Washed Black,"Made from a heavyweight jersey knit of organic and recycled cotton, this T-shirt dress has a relaxed, straight fit with a soft feel that relaxes and improves over time. Garment-dyed for subtle color variation, each piece is one of a kind, f",<unknown>,unknown,0.80,pullover,,,
shopify:www.taylorstitch.com:7579181613133,silhouette,The Monterey Sweater Polo in Deep Sea Geo Crochet,The Monterey Sweater Polo in Deep Sea Geo Crochet from Taylor Stitch 100% organic cotton. 7 gauge yarns. Open knit geo construction on the body and sleeves. Flat rib knit collar. 1x1 rib on sleeve and bottom opening. Straight hem. Hand wash,straight,labeled,0.80,<unknown>,,,
shopify:www.everlane.com:7841841414230,collar_type,RetroSoft Cotton One-Shoulder Tank | Aleutian,"With a wide strap and a slim fit, this one-shoulder top channels that easy, minimalist ‘90s attitude. Made with certified organic ribbed cotton to keep you cool and comfy. Strong with denim, sharper with tailored pants, and built to anchor ",<unknown>,unknown,0.60,none,,,
shopify:www.american-giant.com:8148012171445,neckline,Men's Waffle Yoke Henley Tee - Dark Charcoal,Men's Waffle Yoke Henley Tee,collarless,labeled,0.80,<unknown>,,,
shopify:fahertybrand.com:7784142962757,garment_length,Doug Good Feather Horizon Series Hoodie - Pacific Ash,"Commute-worthy. Adventure-ready. Our all-weather Horizon Series Vest is up for anything. This versatile outerwear essential is water-resistant and super soft for warmth without weight. Fit: Classic Fit, Length 27"" Detail: Zip front closure ",<unknown>,unknown,0.80,hip,,,
shopify:www.everlane.com:7784910422102,waistline,Maxi Dress in Silk Georgette | Soft Floral,"This sleeveless maxi dress features a front surplice neckline with a paneled skirt that adds volume and flow. Designed with tuck and gather detailing at the shoulder and waist, it has a tie-back detail for an adjustable fit. Made with our s",<unknown>,unknown,0.60,normal,,,
shopify:www.untuckit.com:7590178553934,sleeve_length,Cotton Gauze Flutter Sleeve Arya Dress,"There's nothing like a bright colorful dress to make a statement this season. With a breezy flutter sleeve design, popover construction, and boldly vibrant geoprint, the Arya Dress is the best way to bloom open and greet warmer days. Pair i",<unknown>,unknown,1.00,short,,,
shopify:fahertybrand.com:8021064941637,occasion,Cotton Hemp Maxi Dress - Black,"Made from a breathable blend of organic cotton, hemp, and soft plant-based fibers, this maxi dress has a lightweight feel with a natural texture. Designed with a V-neckline, button front, and subtle ruching at the waist, it creates shape wh",<unknown>,unknown,1.00,casual,,,
shopify:www.everlane.com:7859024298070,collar_type,Gauze Smocked Dress | Beech,"This knee-length dress features any easy trapeze silhouette with smocked ruffle detailing for texture. Adjustable straps allow for a more personalized fit, while on-seam pockets add to its casual vibe. Made with our breezy, breathable organ",<unknown>,unknown,0.80,none,,,
shopify:fahertybrand.com:7784147910725,sleeve_length,Double Knit Crewneck - Oat Navy Stripe,"Built for cooler days and crisp nights, this double-knit sweater is rugged on the outside and ridiculously soft on the inside. The blend of long-staple Pima cotton and TENCEL™ Modal gives it the perfect balance of durability, breathability,",<unknown>,unknown,1.00,long,,,
shopify:www.everlane.com:7825166205014,pattern,Mini Shift Dress in Stretch Linen | Black,Made from stretch linen that's breathable and comfortable. Dress it up or down—it’s ready for both.,<unknown>,unknown,1.00,solid,,,
shopify:www.untuckit.com:7663366832206,details,Stretch Cotton Lauren Shirt Dress,"Fall doesn’t start until you slip on this fun, flattering shirt dress. The just-right length works for any event, from an office party to a weekend getaway. Plus, the cotton blend fabric has just enough stretch to keep you comfortable all d",<unknown>,unknown,0.60,none,,,
shopify:www.untuckit.com:7713739178062,occasion,Wool Topcoat - FINAL SALE,"Worn over a pullover on the weekend or a sport coat during the week, this sharp third layer is essential this time of year. It's made with supersoft wool blend with a notch lapel and the perfect length that won't get caught in your car door",casual,labeled,0.60,<unknown>,,,
shopify:fahertybrand.com:8021099315269,neckline,Reserve Knit Blazer - Sand Shell Melange,"Tailored like a classic blazer but made from a soft, breathable knit blend, this style has structure with a more comfortable, flexible feel. Finished with a two-button front, patch pockets, and real horn buttons, it’s an easy way to look pu",<unknown>,unknown,0.60,<not_applicable>,,,
shopify:www.thursdayboots.com:7332008624218,sleeve_length,Everyday Tote | Cuero (M) (Gold),Product Features Cuero Full-Grain Leather Internal Pocket For Easy Storage Convenient Phone Compartment For Quick Access Double Leather Handles For Durability Long-Lasting Rivets With Gold Finish Handcrafted With Integrity Shipping Info Fre,<not_applicable>,not_applicable,1.00,,,,
shopify:www.everlane.com:7841453146198,collar_type,Boatneck Cap-Sleeve Top in Butterknit | Charcoal Grey,A simple shape with cap sleeves that feels a little more refined.,<unknown>,unknown,0.80,none,,,
shopify:fahertybrand.com:7055925936197,pattern,"Belt Loop All Day Shorts (9"") - Olive","You know them, you love them, our All Day™ Shorts look perfectly tailored with a flat front style and have the water repellent technical performance of swimwear for increased movement and breathability. Each pair is crafted in our premium e",<unknown>,unknown,1.00,solid,,,
shopify:fahertybrand.com:8021115928645,colour_primary,Faherty x Quiksilver Heavy Wash Tee - Teal Tropics,"Part of our collaboration with Quiksilver, this oversized, relaxed tee is made from a soft blend of organic and recycled cotton with a broken-in feel from the first wear. Garment-dyed for a vintage, sun-faded look that softens over time, it",<unknown>,unknown,0.60,green,,,
shopify:www.taylorstitch.com:6865637507149,neckline,The Evans Blazer in Navy Birdseye Wool,"The Evans Blazer in Navy Birdseye Wool from Taylor Stitch 12-oz. 86% wool, 11% polyester, 2% cotton/rayon, and 1% acrylic. Unlined. Notch collar. Single chest pocket. Two lower patch pockets with open tops. Dark horn buttons. Hand wash cold",<unknown>,unknown,0.60,<not_applicable>,,,
shopify:www.everlane.com:7859024363606,pattern,Gauze Smocked Dress | Black,"This knee-length dress features any easy trapeze silhouette with smocked ruffle detailing for texture. Adjustable straps allow for a more personalized fit, while on-seam pockets add to its casual vibe. Made with our breezy, breathable organ",<unknown>,unknown,0.60,solid,,,
shopify:www.thursdayboots.com:7743079153754,neckline,Leather Cleaning Wipes | 10 Pack,"Product Features Perfect for Daily Touch-ups at Work, School, or on Vacation Dotted Side Lifts Stubborn Stains Smooth Side Removes Excess Dirt and Dust For Use On Leather Boots, Shoes, Bags, and Jackets Not For Use On Suede Or Nubuck Shippi",<not_applicable>,not_applicable,1.00,,,,
shopify:www.taylorstitch.com:6865637507149,pattern,The Evans Blazer in Navy Birdseye Wool,"The Evans Blazer in Navy Birdseye Wool from Taylor Stitch 12-oz. 86% wool, 11% polyester, 2% cotton/rayon, and 1% acrylic. Unlined. Notch collar. Single chest pocket. Two lower patch pockets with open tops. Dark horn buttons. Hand wash cold",<unknown>,unknown,0.80,geometric,,,
shopify:fahertybrand.com:8021114355781,sleeve_length,Sunbeam Dress - Spellbound Coastal Stripe,"Lightweight and easy with a soft, fluid drape, this sleeveless dress is made for warm days and effortless wear. Designed with a smocked waist, adjustable drawcord details, and a tiered skirt, it creates a flattering shape while still feelin",<not_applicable>,not_applicable,0.60,sleeveless,,,
shopify:fahertybrand.com:7653184962629,pattern,Knit Blazer - Charcoal Cliff,"The kind of blazer that doesn’t just hang in your closet—it earns its spot. Knit from premium Portuguese fabric, this one feels more like your favorite sweater than a boardroom uniform. It’s soft, stretchy, and cut with just enough structur",<unknown>,unknown,0.80,solid,,,
shopify:www.tentree.com:8143564505274,material,Dalton Sweater,"Your cold weather essential has arrived. Blending recycled polyester, organic cotton, and sustainably sourced wool, this henley is soft and versatile — ideal for layering or standing strong on its own.",<unknown>,unknown,1.00,wool,,,
shopify:www.everlane.com:7784909307990,pattern,RetroSoft Cotton One-Shoulder Tank | Fiery Red,"With a wide strap and a slim fit, this one-shoulder top channels that easy, minimalist ‘90s attitude. Made with certified organic ribbed cotton to keep you cool and comfy. Strong with denim, sharper with tailored pants, and built to anchor ",<unknown>,unknown,1.00,solid,,,
shopify:www.everlane.com:7841451278422,occasion,High-Rise Pleated Culotte | Dark Rinse,"A high-rise culotte with front pleats and a clean, tailored shape that brings a more polished feel to warm-weather dressing.",<unknown>,unknown,1.00,casual,,,
shopify:fahertybrand.com:8021063565381,closure,Miramar Linen Tee - Sand Lines,"Made from our Miramar linen-cotton yarn, this relaxed tee has a breathable, lightweight feel with a soft drape that stays comfortable in the heat. Finished with three-quarter sleeves and rib trim at the neckline, sleeves, and hem, it’s an e",<not_applicable>,not_applicable,0.60,pullover,,,
shopify:naadam.co:7278783660128,silhouette,Cotton Silk Pointelle Skirt,"Artful ease. This midi skirt combines cotton, linen, and silk in an intricate pointelle pattern that catches both light and attention. The slim fit creates an elegant line while maintaining comfort and movement. Style with a fitted knit for",pencil,labeled,0.80,<unknown>,,,
shopify:www.marinelayer.com:8213622718538,details,Allison Pleated Wide Leg Trouser,,pleated,labeled,1.00,,,,
shopify:www.everlane.com:7859754434646,sleeve_length,Cinched Dress in Stretch Linen | Henna Red,"A midi dress with a V-neckline and soft, dolman flutter sleeves, it features gathered detailing at the waist to create shape. Made from our stretch linen fabric, it balances structure and movement. Easy to wear with flat sandals for day or ",<unknown>,unknown,1.00,short,,,
shopify:www.outdoorvoices.com:7875604021326,material,Joggy Dress,One shoulder dress with supportive TechSweat upper body for high sweat support and easy LightSpeed skirt. The Joggy Dress combines two of our legacy fabrics into one easy dress. Dress features built in shelf bra but no built-in-short liner ,<unknown>,unknown,1.00,synthetic,,,
shopify:www.everlane.com:7859754434646,collar_type,Cinched Dress in Stretch Linen | Henna Red,"A midi dress with a V-neckline and soft, dolman flutter sleeves, it features gathered detailing at the waist to create shape. Made from our stretch linen fabric, it balances structure and movement. Easy to wear with flat sandals for day or ",<unknown>,unknown,0.60,none,,,
shopify:www.american-giant.com:10414089175221,pattern,Women's Hemp V-Notch Tee - Moonlight Mauve,,<unknown>,unknown,1.00,solid,,,
shopify:fahertybrand.com:6884728930373,garment_length,Varsity Jacket - Navy,"An oldie but a goodie – this throwback varsity jacket has all the classic sporty stylings you remember, updated with a Faherty touch inspired by the great outdoors. From the front chenille patch to the back which features a large embroidere",<unknown>,unknown,0.60,hip,,,
shopify:www.outdoorvoices.com:7585334624334,garment_length,"Zephyr 5"" Short","A lightweight, breathable and unlined 5” short with zippered pockets and custom-fit drawstring waist in our RecPoly fabric—a super lightweight performance material for medium to high-sweat recreation.",above_knee,labeled,1.00,<unknown>,,,
shopify:www.untuckit.com:4556194840654,neckline,Wrinkle-Resistant Palazzo Sport Coat,"We perfected the Original Untucked Shirts—plus all the sharp styles designed to look great with them. This 100% wool, Wrinkle-Resistant Palazzo Sport Coat is just right for looking sharp without feeling stuffy this season. Made with fabric ",<unknown>,unknown,0.80,<not_applicable>,,,
shopify:fahertybrand.com:8021099315269,silhouette,Reserve Knit Blazer - Sand Shell Melange,"Tailored like a classic blazer but made from a soft, breathable knit blend, this style has structure with a more comfortable, flexible feel. Finished with a two-button front, patch pockets, and real horn buttons, it’s an easy way to look pu",straight,labeled,0.80,<unknown>,,,
shopify:www.tentree.com:8143575908538,occasion,Spokane Fleck Sweater,"Cozy gets an upgrade. Made from soft, textured flecked organic cotton yarn, this relaxed cowl neck sweater has side slits for easy layering and all the warmth you want when the temps drop.",casual,labeled,0.80,<unknown>,,,
shopify:www.tentree.com:8360513831098,collar_type,Fairweather Dress,"This stylish throw-on, fit-and-flare dress has functional buttons and adjustable straps to style it as you like with ruffle detailing that elevates its playful cut. One thing we know for sure, It’ll be the talk of your closet.",<unknown>,unknown,1.00,none,,,
shopify:www.untuckit.com:7590240878670,colour_primary,Linen Blend Paola Tunic Dress,"Looking to shake up your springtime style? Look no further. Our feminine Paola Dress is the must-have style of the season. We made it from a soft linen-blend fabric and gave it a refined tile print, confident collared tunic construction, an",multicolour,labeled,0.80,blue,,,
shopify:naadam.co:6835720749152,pattern,Signature Cashmere Halter Top,"The Cashmere Halter Top is a soft sweater top with a slim fit and short classic length designed to skim the top of the hip bones. It features a high neckline, ribbed details and open back. Crafted from 100% premium, sustainable cashmere.",<unknown>,unknown,1.00,solid,,,
shopify:www.taylorstitch.com:7307482333261,sleeve_length,The Workhorse Hoodie in Aged Penny Chipped Canvas,"The Workhorse Hoodie in Aged Penny Chipped Canvas from Taylor Stitch 12.5-oz. 100% organic cotton canvas. Custom developed for Taylor Stitch. 1.5-oz. 100% recycled nylon diamond quilted with recycled polyfill in body, sleeve and hood lining",<unknown>,unknown,0.80,long,,,
shopify:www.untuckit.com:4556194840654,details,Wrinkle-Resistant Palazzo Sport Coat,"We perfected the Original Untucked Shirts—plus all the sharp styles designed to look great with them. This 100% wool, Wrinkle-Resistant Palazzo Sport Coat is just right for looking sharp without feeling stuffy this season. Made with fabric ",lined|slit,labeled,1.00,lined,,,
shopify:www.taylorstitch.com:6742548643917,pattern,The Mariner Coat in Sable Melton Wool,"The Mariner Coat in Sable Melton Wool from Taylor Stitch 19-oz. 71% wool, 29% nylon 5-oz. 100% organic cotton twill lining. 2.5-oz. 100% viscose sleeve lining. Double breasted, six button front. Two double welt hand warmer pockets lined in ",<unknown>,unknown,1.00,solid,,,
shopify:naadam.co:6620058484832,details,Mixed Media Puffer Vest,"This sleek vest is the perfect layer when you need a little added warmth, and a lot of added style. The hood, drawstrings, and zip front give the illusion of layering without the extra weight. Throw this over a cashmere sweater for an effor",none,labeled,0.60,quilted,,,
shopify:www.tentree.com:8322436235450,material,Denim Nova Overall,"The epitome of throw it on and go, these denim overalls keep comfort close with a double-V neckline, perfectly placed pockets, and organic cotton that’s so soft you’ll want to spend your whole day in these.",cotton,labeled,0.60,denim,,,
shopify:www.girlfriend.com:7844788469823,colour_primary,Eucalyptus Tabitha Wrap Tank,,green,labeled,0.80,,,,
shopify:www.everlane.com:7784911372374,sleeve_length,Cinched Dress in Stretch Linen | Estate Blue,"A midi dress with a V-neckline and soft, dolman flutter sleeves, it features gathered detailing at the waist to create shape. Made from our stretch linen fabric, it balances structure and movement. Easy to wear with flat sandals for day or ",<unknown>,unknown,1.00,short,,,
shopify:www.everlane.com:7859024298070,waistline,Gauze Smocked Dress | Beech,"This knee-length dress features any easy trapeze silhouette with smocked ruffle detailing for texture. Adjustable straps allow for a more personalized fit, while on-seam pockets add to its casual vibe. Made with our breezy, breathable organ",<unknown>,unknown,0.60,none,,,
shopify:www.untuckit.com:7713738424398,closure,Performance Richette Shirt - FINAL SALE,"Our bestselling Performance shirts really do it all: resist wrinkles, wick moisture, and have plenty of stretch for all-day comfort. We make them in fits for all shapes and sizes using durable, high-quality nylon—not polyester, which can sn",<unknown>,unknown,1.00,single_breasted,,,
shopify:www.taylorstitch.com:6865637507149,sleeve_length,The Evans Blazer in Navy Birdseye Wool,"The Evans Blazer in Navy Birdseye Wool from Taylor Stitch 12-oz. 86% wool, 11% polyester, 2% cotton/rayon, and 1% acrylic. Unlined. Notch collar. Single chest pocket. Two lower patch pockets with open tops. Dark horn buttons. Hand wash cold",<unknown>,unknown,1.00,,,,
shopify:www.rothys.com:6819502194782,closure,The Crossbody Strap - Spruce Camo,"The Crossbody Strap in Spruce Camo Durably knit design in a navy, olive and dark green camo pattern. Two end snap hooks make it easy to clip onto several styles, of which you will find plenty in The Bag Bar. Sturdy sliding buckle allows you",buckle,labeled,1.00,<not_applicable>,,,
shopify:www.thursdayboots.com:7332008296538,colour_primary,Everyday Tote | Cuero (S) (Gold),Product Features Cuero Full-Grain Leather Internal Pocket For Easy Storage Convenient Phone Compartment For Quick Access Double Leather Handles For Durability Long-Lasting Rivets With Gold Finish Handcrafted With Integrity Shipping Info Fre,metallic,labeled,0.80,brown,,,
shopify:www.american-giant.com:7692024545461,details,Women's Linen Tie Dress - Twilight Mauve,Women's Easy Linen Tie Waist Midi Dress,<unknown>,unknown,1.00,none,,,
shopify:www.everlane.com:7859024330838,pattern,Gauze Smocked Dress | Birch,"This knee-length dress features any easy trapeze silhouette with smocked ruffle detailing for texture. Adjustable straps allow for a more personalized fit, while on-seam pockets add to its casual vibe. Made with our breezy, breathable organ",<unknown>,unknown,1.00,solid,,,
shopify:www.outdoorvoices.com:7875604021326,collar_type,Joggy Dress,One shoulder dress with supportive TechSweat upper body for high sweat support and easy LightSpeed skirt. The Joggy Dress combines two of our legacy fabrics into one easy dress. Dress features built in shelf bra but no built-in-short liner ,<unknown>,unknown,1.00,none,,,
shopify:www.tentree.com:8096373833914,collar_type,SoftTerry Light V-Neck Jumpsuit,"Comfy enough to lounge around in, cool enough to wear out for date night. This super soft, super sustainable jumpsuit is a perfect addition to your summer wardrobe.",<unknown>,unknown,0.80,<not_applicable>,,,
shopify:www.everlane.com:7859834454102,silhouette,Godet Mini Skirt in Cotton Silk | Black,A mini skirt with godet panels that bring movement and a more defined silhouette.,flare,labeled,1.00,<unknown>,,,
shopify:www.rothys.com:7374031126622,colour_primary,The Max Square - Amber Cat,"The Max Square in Amber Cat Soft, flexible upper in camel and black leopard print. Streamlined profile with a stretchy topline offers a flattering fit. Features our In Love Insole® in black for heel-to-toe cushioning and all-day wearability",multicolour,labeled,0.80,,,,
shopify:www.everlane.com:7562831855702,material,The Drape Trench | Sandstone,"The Drape Trench features double-breasted buttons, an exaggerated collar, side pockets, and a slightly oversized fit for an of-the-moment look. It gets its drape from our breathable, lightweight fabric that’s soft to the touch. It’s so cute",<unknown>,unknown,1.00,cotton,,,
shopify:fahertybrand.com:8021116059717,collar_type,Faherty x Quiksilver Heavy Wash Tee - White,"Part of our collaboration with Quiksilver, this oversized, relaxed tee is made from a soft blend of organic and recycled cotton with a broken-in feel from the first wear. Garment-dyed for a vintage, sun-faded look that softens over time, it",none,labeled,0.60,,,,
shopify:www.everlane.com:7841453146198,material,Boatneck Cap-Sleeve Top in Butterknit | Charcoal Grey,A simple shape with cap sleeves that feels a little more refined.,<unknown>,unknown,0.60,synthetic,,,
shopify:www.tentree.com:8322436235450,pattern,Denim Nova Overall,"The epitome of throw it on and go, these denim overalls keep comfort close with a double-V neckline, perfectly placed pockets, and organic cotton that’s so soft you’ll want to spend your whole day in these.",<unknown>,unknown,1.00,solid,,,
shopify:www.outdoorvoices.com:7875604021326,details,Joggy Dress,One shoulder dress with supportive TechSweat upper body for high sweat support and easy LightSpeed skirt. The Joggy Dress combines two of our legacy fabrics into one easy dress. Dress features built in shelf bra but no built-in-short liner ,<unknown>,unknown,0.60,none,,,
shopify:www.everlane.com:7859024134230,pattern,Gauze Smocked Mini Dress | Birch,"This mini dress features a square neckline with a smocked bodice that offers a close, flexible fit through the top. It has adjustable straps and a softly defined V-waist for shape. The bow-tie keyhole back adds a playful touch. Made with ou",<unknown>,unknown,1.00,solid,,,
shopify:naadam.co:6835720716384,details,Signature Cashmere One Shoulder Sweater,"The Cashmere One Shoulder Sweater is a chic knit with a relaxed classic fit and short classic length designed to skim the top of the hip bones. It features a cold-shoulder silhouette, ribbed details, and fitted waistband for added dimension",<unknown>,unknown,0.60,none,,,
shopify:www.thursdayboots.com:7444717994074,colour_primary,Cobbler's Choice Leather Conditioner + Brush Bundle,"Product Features Includes Leather Conditioner & Shoe Brush Designed To Restore, Condition & Protect Your Leather Goods Instructions on Label 6 oz. Bottle Assembled in the USA Cobbler's Choice Brand Shipping Info Domestic shipping: 2-6 busin",<not_applicable>,not_applicable,0.60,<unknown>,,,
shopify:naadam.co:6835721371744,garment_length,Soft Denim Wide Leg Pant,"Your jeans are about to be jealous. Crafted from our revolutionary cotton twill that’s softer, stretchier, and chicer than your average denim.The Soft Denim Wide Leg Pant has a classic fit and full-length inseam. It features a high rise, zi",<unknown>,unknown,0.60,maxi,,,
shopify:www.tentree.com:8322420048058,closure,Hart Sweater,"When there's a summer chill in the air, reach for the Hart Sweater. Raglan long sleeves and a high-low hem let this oversized crew pair with everything from shorts and pants to skirts and dresses.",<not_applicable>,not_applicable,0.60,pullover,,,
shopify:naadam.co:6642348490848,material,Silk Cashmere Cutout Turtleneck,"The Silk Cashmere Reversible Turtleneck is a slim-fitting statement top with a classic length. It features a wide cutout that can be worn in the front or back, long sleeves, and all-over ribbing. Crafted from a smooth, breathable blend of s",<unknown>,unknown,1.00,cashmere,,,
shopify:www.girlfriend.com:7844788469823,details,Eucalyptus Tabitha Wrap Tank,,<unknown>,unknown,1.00,none,,,
shopify:www.everlane.com:7859024134230,collar_type,Gauze Smocked Mini Dress | Birch,"This mini dress features a square neckline with a smocked bodice that offers a close, flexible fit through the top. It has adjustable straps and a softly defined V-waist for shape. The bow-tie keyhole back adds a playful touch. Made with ou",<unknown>,unknown,0.60,none,,,
shopify:www.everlane.com:7784909668438,closure,Scoop-Neck Tank in Pointelle | Deep Navy,"A cropped tank with a rounded square neckline and scalloped trim at the neck and armholes. Made from our pointelle fabric, it adds texture and detail to a clean, fitted silhouette. Pair it with cargo pants, a low-rise trouser, or styled und",<not_applicable>,not_applicable,0.80,<unknown>,,,
shopify:fahertybrand.com:8021115994181,garment_length,Faherty x Quiksilver Fleece Zip Hoodie - Abyss Navy,"Part of our collaboration with Quiksilver, this zip hoodie is made from soft organic cotton fleece with vintage-inspired details throughout. Garment-dyed for rich color that softens over time, it’s finished with a full-zip front, double-lay",<unknown>,unknown,1.00,hip,,,
shopify:fahertybrand.com:7228913844293,pattern,Inlet Knit Blazer (Tall) - Hendricks Indigo Wash,"Craftsmanship meets comfort. Our flagship blazer, for guys who don't wear blazers. Created with the signature Holy $&*! Faherty comfort factor, this versatile layer is elevated, unstructured, and easy to care for. Fit:  Slim fit, but made t",<unknown>,unknown,0.60,solid,,,
shopify:www.outdoorvoices.com:7585339179086,sleeve_style,Cross Back Dress,An A-line dress with a twist. Made in our breathable LightSpeed fabric featuring an open back with cross straps and a built-in shorts liner with hidden pockets.,<unknown>,unknown,1.00,<not_applicable>,,,
shopify:www.everlane.com:7841841414230,pattern,RetroSoft Cotton One-Shoulder Tank | Aleutian,"With a wide strap and a slim fit, this one-shoulder top channels that easy, minimalist ‘90s attitude. Made with certified organic ribbed cotton to keep you cool and comfy. Strong with denim, sharper with tailored pants, and built to anchor ",<unknown>,unknown,1.00,solid,,,
shopify:www.everlane.com:7849644458070,closure,Suede Slide Sandal | Russet Suede,"An open-toe slip-on sandal designed with a glove-like suede upper for a comfortable fit from first wear. Finished with a leather lining for a smooth feel it has a rubber outsole for grip. Made with our better for you leather. Dress up, dres",<not_applicable>,not_applicable,1.00,<unknown>,,,
shopify:www.everlane.com:7859024068694,details,Textured Halter Midi Dress | Open Air Blue,"This midi dress features a flattering halter neckline, soft v-neck, and seam detailing throughout. The subtly striped fabric adds texture without overpowering. Made to move beautifully from day to night.",<unknown>,unknown,0.80,none,,,
shopify:naadam.co:7505740234848,collar_type,Signature Cashmere Button Down Jumpsuit,"One and done. The Signature Cashmere Button Down Jumpsuit makes getting dressed effortless with a relaxed fit, jogger-length legs, and a button-front top finished with a drawstring waist. It’s crafted from 100% Signature Cashmere that feels",<unknown>,unknown,1.00,<not_applicable>,,,
shopify:fahertybrand.com:7552626360389,collar_type,Surf Ghana High Standard Fleece Hoodie - Silver Ash Heather,"We set out to perfect the hoodie—super soft, just the right weight, and inspired by vintage athletic wear. Made from a durable blend of Pima and organic cotton, it’s built for comfort whether you’re lounging, layering, or on the move. Featu",<not_applicable>,not_applicable,0.80,hooded,,,
shopify:www.untuckit.com:7590258475086,sleeve_length,Stretch Cotton Sleeveless Cordelia Shirt Dress,"Our Cordelia Shirt Dress blooms forth with a pop of fresh spring color. Made from lightweight cotton sateen with just enough added stretch, it's the effortless silhouette that'll keep you cool and comfortable all season long. It also featur",<not_applicable>,not_applicable,0.60,sleeveless,,,
shopify:www.everlane.com:7849644458070,details,Suede Slide Sandal | Russet Suede,"An open-toe slip-on sandal designed with a glove-like suede upper for a comfortable fit from first wear. Finished with a leather lining for a smooth feel it has a rubber outsole for grip. Made with our better for you leather. Dress up, dres",none,labeled,0.60,lined,,,
shopify:www.everlane.com:7859025281110,sleeve_style,Bubble-Sleeve Mini Dress in Cotton Silk Voile | Estate Blue,"A mini dress with sculpted bubble sleeves and V-necklines at the front and back. A center front seam and French darts give shape to the body. Made with organic cotton and Bluesign®-certified silk voile and fully lined, it has an airy feel w",puff,labeled,1.00,<unknown>,,,
shopify:www.thursdayboots.com:7035381153882,details,[S] Captain | Black Matte,Product Features Black Matte Rugged & Resilient Leather Goodyear Welt Construction for Longevity Fully Lined Supple Glove Leather Interior Poron® Antimicrobial Shock Absorbing Insoles Long-Lasting Kevlar® Blend Laces Cork-Bed Midsoles that ,lined|studded,labeled,1.00,lined,,,
shopify:www.everlane.com:7841451081814,silhouette,Low-Slung Tie-Front Jean | Medium Indigo,"This low-rise jean that sits close to the hip with a loose relaxed leg. Adjustable tie-front drawcords at the waistband can be worn, removed, or hidden inside for a more streamlined look. Made in a summer-weight, drapier denim. Keep it rela",<unknown>,unknown,1.00,,,,
shopify:www.taylorstitch.com:7579199668301,waistline,The Button Down Polo in Gulf Stream Herringbone,The Button Down Polo in Gulf Stream Herringbone from Taylor Stitch 100% organic cotton. 14 gauge yarns. Herringbone knit construction on the body and sleeves. Flat rib knit collar. 1x1 rib on sleeve and bottom opening. Straight hem. Hand wa,<not_applicable>,not_applicable,1.00,,,,
shopify:fahertybrand.com:8021114355781,collar_type,Sunbeam Dress - Spellbound Coastal Stripe,"Lightweight and easy with a soft, fluid drape, this sleeveless dress is made for warm days and effortless wear. Designed with a smocked waist, adjustable drawcord details, and a tiered skirt, it creates a flattering shape while still feelin",<unknown>,unknown,0.80,none,,,
shopify:www.thursdayboots.com:7593561751642,details,Cobbler's Choice Premium Welt Brush | Tan,Product Features Brushes Away Hard to Reach Dirt and Dust Around the Welt of the Boot Premium Horsehair Bristles Solid Grooved Wood Handle Handcrafted with Integrity Shipping Info Domestic shipping: 2-6 business days International shipping ,<not_applicable>,not_applicable,0.60,none,,,
shopify:www.american-giant.com:8226070954165,closure,Men's Broken-In Premium Slub Henley - Washed Dark Charcoal,Premium Slub Henley T,<unknown>,unknown,1.00,pullover,,,
shopify:www.rothys.com:7597342785630,garment_category,The Crossbody Strap - Earthy Chevron,"The Crossbody Strap in Earthy Chevron Durably knit design in a light pink, green, and tan chevron pattern. Two end snap hooks make it easy to clip onto several styles, of which you will find plenty in The Bag Bar. Sturdy sliding buckle allo",bag,labeled,0.80,other,,,
shopify:www.everlane.com:7855407956054,pattern,Halter Tank | Passion Fruit,"Fully lined and made from a substantial knit, this top is comfortable enough to wear without a bra. Sleek, modern, and confidence-boosting.",<unknown>,unknown,1.00,solid,,,
shopify:www.thursdayboots.com:7442143805530,details,[S] Duke | Dark Olive Suede,Product Features Dark Olive WeatherSafe™ Suede Goodyear Welt Construction for Longevity Fully Lined Supple Glove Leather Interior Poron® Antimicrobial Shock Absorbing Insoles Cork-Bed Midsoles that Form to Your Feet DuraEVA™ Comfort Strip D,lined|studded,labeled,1.00,lined,,,
shopify:naadam.co:7475936854112,collar_type,Luxe Cotton Silk Mixed Media Long Dress,"Wear it on repeat. The Luxe Cotton Silk Mixed Media Long Dress features a color-blocked design, a relaxed drop-waist silhouette, and an ankle-skimming length. It’s knit from a soft blend of 85% cotton and 15% cashmere, and finished with 100",<unknown>,unknown,1.00,,,,
shopify:fahertybrand.com:7784142504005,garment_length,Teton Valley Vest - Navy Twilight Herringbone,"Built for those in-between days, this quilted vest is tough outside, warm inside, and light enough to layer under a jacket. The heritage stitch pattern gives it timeless style, while the streamlined fit keeps it sharp from trail to taproom ",<unknown>,unknown,0.80,hip,,,
shopify:www.american-giant.com:8226072985781,collar_type,Men's Rib Tee - Forest Camo,Rib Tee,<unknown>,unknown,0.60,none,,,
shopify:www.american-giant.com:8226072985781,garment_category,Men's Rib Tee - Forest Camo,Rib Tee,shirt_blouse,labeled,0.80,top,,,
shopify:naadam.co:6835720749152,details,Signature Cashmere Halter Top,"The Cashmere Halter Top is a soft sweater top with a slim fit and short classic length designed to skim the top of the hip bones. It features a high neckline, ribbed details and open back. Crafted from 100% premium, sustainable cashmere.",<unknown>,unknown,0.40,none,,,
shopify:www.everlane.com:7841453178966,collar_type,Boatneck Cap-Sleeve Top in Butterknit | Henna Red,A simple shape with cap sleeves that feels a little more refined.,<unknown>,unknown,0.80,none,,,
shopify:naadam.co:6835721371744,colour_primary,Soft Denim Wide Leg Pant,"Your jeans are about to be jealous. Crafted from our revolutionary cotton twill that’s softer, stretchier, and chicer than your average denim.The Soft Denim Wide Leg Pant has a classic fit and full-length inseam. It features a high rise, zi",<unknown>,unknown,0.60,navy,,,
shopify:fahertybrand.com:8021116059717,closure,Faherty x Quiksilver Heavy Wash Tee - White,"Part of our collaboration with Quiksilver, this oversized, relaxed tee is made from a soft blend of organic and recycled cotton with a broken-in feel from the first wear. Garment-dyed for a vintage, sun-faded look that softens over time, it",pullover,labeled,0.60,<unknown>,,,
shopify:www.marinelayer.com:8016250273866,details,California Fair Isle Crew Sweater,,<unknown>,unknown,1.00,none,,,
shopify:naadam.co:6620058386528,sleeve_length,The Sustainable Puffer,"Classic style, low impact. The Sustainable Puffer is an essential cold-weather coat with a classic fit and butt-covering length. It features everything you’d want in a puffer: a water-resistant shell, detachable hood, layered wristbands wit",<unknown>,unknown,0.60,long,,,
shopify:www.marinelayer.com:8084576862282,details,Luxe Sueded Polo Tee,,<unknown>,unknown,1.00,<not_applicable>,,,
shopify:www.thursdayboots.com:7743079153754,garment_length,Leather Cleaning Wipes | 10 Pack,"Product Features Perfect for Daily Touch-ups at Work, School, or on Vacation Dotted Side Lifts Stubborn Stains Smooth Side Removes Excess Dirt and Dust For Use On Leather Boots, Shoes, Bags, and Jackets Not For Use On Suede Or Nubuck Shippi",<not_applicable>,not_applicable,1.00,,,,
shopify:naadam.co:7475936854112,details,Luxe Cotton Silk Mixed Media Long Dress,"Wear it on repeat. The Luxe Cotton Silk Mixed Media Long Dress features a color-blocked design, a relaxed drop-waist silhouette, and an ankle-skimming length. It’s knit from a soft blend of 85% cotton and 15% cashmere, and finished with 100",none,labeled,0.80,<unknown>,,,
shopify:fahertybrand.com:8021113274437,pattern,Sophia Smocked Dress - Coastal Bloom,"Designed with an easy, flattering shape, this sleeveless dress features a fully smocked bodice with a soft scoop neckline and a gently flared skirt. Made from a smooth, lightweight fabric that moves naturally, it feels comfortable and breat",<unknown>,unknown,1.00,floral,,,
shopify:www.american-giant.com:10414089175221,occasion,Women's Hemp V-Notch Tee - Moonlight Mauve,,<unknown>,unknown,0.60,casual,,,
shopify:naadam.co:6565957304416,silhouette,Luxe Cashmere Duster Cardigan,"The long and short of it. The cashmere duster cardigan is the versatile piece you need in your closet. With a relaxed neckline, midi length and slouchy front pockets, it can be dressed up over a button down or dressed down over workout clot",<unknown>,unknown,1.00,,,,
shopify:www.untuckit.com:7663366832206,silhouette,Stretch Cotton Lauren Shirt Dress,"Fall doesn’t start until you slip on this fun, flattering shirt dress. The just-right length works for any event, from an office party to a weekend getaway. Plus, the cotton blend fabric has just enough stretch to keep you comfortable all d",<unknown>,unknown,1.00,,,,
shopify:naadam.co:6619044446304,occasion,Luxe Wool Double Breasted Coat,"We partnered with Manteco to bring together our specialties with this recycled wool cashmere blend. The Luxe Wool Double Breasted Coat is as classic as it gets with a naval-inspired silhouette, wide lapels and double-breasted front button c",<unknown>,unknown,1.00,casual,,,
shopify:www.rothys.com:7374031126622,closure,The Max Square - Amber Cat,"The Max Square in Amber Cat Soft, flexible upper in camel and black leopard print. Streamlined profile with a stretchy topline offers a flattering fit. Features our In Love Insole® in black for heel-to-toe cushioning and all-day wearability",<not_applicable>,not_applicable,1.00,<unknown>,,,
shopify:www.outdoorvoices.com:7585349206094,details,Volley Dress,A V-neck dress with a fit-and-flare silhouette and built-in shorts in our compressive SuperForm fabric—a lightweight performance material with a supportive stretch.,<unknown>,unknown,0.80,none,,,
shopify:www.rothys.com:7597342687326,garment_category,The Crossbody Strap - Khaki Stripe,"The Crossbody Strap in Khaki Stripe Durably knit design in tan and black stripes. Two end snap hooks make it easy to clip onto several styles, of which you will find plenty in The Bag Bar. Sturdy sliding buckle allows you to adjust the stra",bag,labeled,0.60,other,,,
shopify:www.untuckit.com:7590240878670,occasion,Linen Blend Paola Tunic Dress,"Looking to shake up your springtime style? Look no further. Our feminine Paola Dress is the must-have style of the season. We made it from a soft linen-blend fabric and gave it a refined tile print, confident collared tunic construction, an",<unknown>,unknown,0.80,casual,,,
shopify:www.everlane.com:7841453178966,material,Boatneck Cap-Sleeve Top in Butterknit | Henna Red,A simple shape with cap sleeves that feels a little more refined.,<unknown>,unknown,0.80,synthetic,,,
shopify:www.girlfriend.com:7844788174911,sleeve_style,Black Tabitha Wrap Tank,,<unknown>,unknown,0.60,<not_applicable>,,,
shopify:fahertybrand.com:7492251582533,pattern,Denim Michelle Short-Sleeve Jumpsuit - Cloudlight Wash,"Jumpsuits are always a favorite, and our newest utility-inspired silhouette is no exception. Designed with short sleeves, a button-front closure, and plenty of pockets, this piece blends vintage vibes with modern functionality. Crafted from",<unknown>,unknown,0.80,solid,,,
shopify:fahertybrand.com:8021063204933,garment_length,Sun Strider Linen Romper - Flax,"Made from 100% linen, this sleeveless romper has a lightweight, airy feel that keeps you comfortable on warm days. Adjustable straps and patch pockets add function, while the relaxed shape makes it an easy, throw-on piece for everyday wear.",mini,labeled,0.60,<unknown>,,,
shopify:www.outdoorvoices.com:7585339179086,collar_type,Cross Back Dress,An A-line dress with a twist. Made in our breathable LightSpeed fabric featuring an open back with cross straps and a built-in shorts liner with hidden pockets.,<unknown>,unknown,1.00,none,,,
shopify:naadam.co:6565957304416,occasion,Luxe Cashmere Duster Cardigan,"The long and short of it. The cashmere duster cardigan is the versatile piece you need in your closet. With a relaxed neckline, midi length and slouchy front pockets, it can be dressed up over a button down or dressed down over workout clot",<unknown>,unknown,0.80,casual,,,
shopify:www.everlane.com:7855404286038,occasion,Luxe Rib V-Neck Henley | Coffee Bean,"A henley with a little extra. It features elbow-length sleeves, a clean V neckline, and a slim, easy fit. Non-functional buttons run along the neckline trim, with only the center front buttons designed to open—adding detail without changing",beach,labeled,0.80,casual,,,
shopify:www.everlane.com:7543777362006,silhouette,The Carpenter Jean | Mid Indigo,"In a relaxed, baggy fit—that’s extra baggy at the leg, it features utilitarian stitching and front panels, with slanted pockets, patch back pockets, and a zipper fly. Designed to be worn oversized, if you’re looking for a slightly less bagg",wide_leg,labeled,1.00,<unknown>,,,
shopify:www.taylorstitch.com:7115853234253,occasion,The Cascade Shawl Cardigan in Heather Marine,"The Cascade Shawl Cardigan in Heather Marine from Taylor Stitch 100% RWS merino wool. 1.5 gauge yarns. Cable knit construction. 2x2 rib featured on shawl collar, placket, cuffs, pocket, and bottom opening. Shawl collar. Raglan sleeve. Two l",casual,labeled,0.60,<unknown>,,,
shopify:fahertybrand.com:7876163403845,fit,Montecito Linen Maxi Skirt - Tropics,"Hand screen-printed on lightweight linen, this maxi skirt features a softly smocked waistband, tiered detailing, and on-seam pockets for an easy, comfortable fit. Because the print is applied by hand, each piece has subtle variation that gi",regular,labeled,1.00,loose,,,
shopify:www.thursdayboots.com:7015663042650,pattern,[S] President | Saddlewood,Product Features Saddlewood Rugged & Resilient Leather Goodyear Welt Construction for Longevity Fully Lined Supple Glove Leather Interior Hardwearing Metal Shanks Poron® Antimicrobial Shock Absorbing Insoles Long-Lasting Kevlar® Blend Laces,<unknown>,unknown,1.00,solid,,,
shopify:www.outdoorvoices.com:7707170766926,fit,Candy Fleece Vest,Vest in new OV fabric Candy Fleece—an Italian wool-blend fleece that has a natural and warm handfeel. Designed with contrast technical nylon side panels that double up as 2 front pockets with zippers featuring pullers with silicone tips. Ve,oversized,labeled,1.00,<unknown>,,,
shopify:naadam.co:6619044839520,closure,Luxe Merino Fair Isle Crewneck Sweater,"McDreamy, alert. The Luxe Merino Fair Isle Crewneck Sweater is here to fulfill your festive fantasies. With ribbing at the neck, sleeves and hem, this classic seasonal knit is the handsome upgrade you've been searching for. Wear it with jea",<not_applicable>,not_applicable,0.80,pullover,,,
shopify:www.outdoorvoices.com:7875604021326,sleeve_length,Joggy Dress,One shoulder dress with supportive TechSweat upper body for high sweat support and easy LightSpeed skirt. The Joggy Dress combines two of our legacy fabrics into one easy dress. Dress features built in shelf bra but no built-in-short liner ,<unknown>,unknown,0.80,sleeveless,,,
shopify:naadam.co:6620058484832,occasion,Mixed Media Puffer Vest,"This sleek vest is the perfect layer when you need a little added warmth, and a lot of added style. The hood, drawstrings, and zip front give the illusion of layering without the extra weight. Throw this over a cashmere sweater for an effor",<unknown>,unknown,0.60,casual,,,
shopify:www.tentree.com:8322420048058,collar_type,Hart Sweater,"When there's a summer chill in the air, reach for the Hart Sweater. Raglan long sleeves and a high-low hem let this oversized crew pair with everything from shorts and pants to skirts and dresses.",<not_applicable>,not_applicable,0.60,none,,,
shopify:www.tentree.com:8143540322490,details,Vista Sweater,"Combine oversized drop shoulders, a functional quarter zip and ribbed detailing with 100% organic cotton and what do you get? A sweater that's great for your closet and the environment.",<unknown>,unknown,0.60,none,,,
shopify:www.everlane.com:7784909668438,neckline,Scoop-Neck Tank in Pointelle | Deep Navy,"A cropped tank with a rounded square neckline and scalloped trim at the neck and armholes. Made from our pointelle fabric, it adds texture and detail to a clean, fitted silhouette. Pair it with cargo pants, a low-rise trouser, or styled und",square,labeled,1.00,scoop,,,
shopify:www.taylorstitch.com:7454610653261,colour_primary,The Down Vest in Brick Red Waxed Ripstop,The Down Vest in Brick Red Waxed Ripstop from Taylor Stitch Developed in collaboration with Crescent Down Works. 3.5-oz. 100% cotton waxed ripstop from British Millerain. 3-oz. 100% cowhide yoke. PFC-free 100% nylon lining. 5-oz. 700+ fill ,orange,labeled,0.60,red,,,
shopify:www.outdoorvoices.com:7585349206094,material,Volley Dress,A V-neck dress with a fit-and-flare silhouette and built-in shorts in our compressive SuperForm fabric—a lightweight performance material with a supportive stretch.,<unknown>,unknown,1.00,synthetic,,,
shopify:www.tentree.com:8143571058874,colour_primary,Mountain Pass Full Zip Hoodie,For the days that start with a drive and end under the stars. This full-zip hoodie brings road trip energy wherever you go.,grey,labeled,0.40,<unknown>,,,
shopify:www.everlane.com:7859754664022,sleeve_length,Halter Tank | Rose Violet,"Fully lined and made from a substantial knit, this top is comfortable enough to wear without a bra. Sleek, modern, and confidence-boosting.",sleeveless,labeled,1.00,,,,
shopify:www.everlane.com:7809976303702,collar_type,Maxi Dress in Silk Georgette | Floral/Black,"This sleeveless maxi dress features a front surplice neckline with a paneled skirt that adds volume and flow. Designed with tuck and gather detailing at the shoulder and waist, it has a tie-back detail for an adjustable fit. Made with our s",none,labeled,0.60,<unknown>,,,
shopify:naadam.co:7163412283488,material,Signature Cashmere Funnel Turtleneck,"More is more. The Signature Cashmere Funnel Turtleneck is a cozy knit with an oversized fit and tunic length. It features a generous funnel neckline, ribbed details, and drop shoulders. Crafted from Signature Cashmere: our classic, 12gg, 10",cashmere,labeled,1.00,,,,
shopify:www.taylorstitch.com:7355710865485,colour_primary,The Button Down Polo in Heather Oat Herringbone,The Button Down Polo in Heather Oat Herringbone from Taylor Stitch 100% organic cotton. 14 gauge yarns. Herringbone knit construction on the body and sleeves. Flat rib knit collar. 1x1 rib on sleeve and bottom opening. Straight hem. Hand wa,white,labeled,1.00,beige,,,
shopify:www.thursdayboots.com:7743079153754,details,Leather Cleaning Wipes | 10 Pack,"Product Features Perfect for Daily Touch-ups at Work, School, or on Vacation Dotted Side Lifts Stubborn Stains Smooth Side Removes Excess Dirt and Dust For Use On Leather Boots, Shoes, Bags, and Jackets Not For Use On Suede Or Nubuck Shippi",<not_applicable>,not_applicable,0.60,none,,,
shopify:fahertybrand.com:7055925870661,garment_length,"Belt Loop All Day Shorts (9"") - Khaki","You know them, you love them, our All Day™ Shorts look perfectly tailored with a flat front style and have the water repellent technical performance of swimwear for increased movement and breathability. Each pair is crafted in our premium e",above_knee,labeled,0.60,<unknown>,,,
shopify:www.girlfriend.com:7844788174911,collar_type,Black Tabitha Wrap Tank,,<unknown>,unknown,1.00,none,,,
shopify:www.tentree.com:8143540322490,collar_type,Vista Sweater,"Combine oversized drop shoulders, a functional quarter zip and ribbed detailing with 100% organic cotton and what do you get? A sweater that's great for your closet and the environment.",<not_applicable>,not_applicable,0.40,none,,,
shopify:www.outdoorvoices.com:7875605135438,silhouette,Club Dress,"Your favorite Exercise Dress refreshed. The Club Dress is made in the same performance fabric LightSpeed as our original exercise dress—lightweight, breathable, and built to move. The Club Dress features a picot trim at the neckline and hem",fit_and_flare,labeled,1.00,<unknown>,,,
shopify:www.untuckit.com:7590258475086,pattern,Stretch Cotton Sleeveless Cordelia Shirt Dress,"Our Cordelia Shirt Dress blooms forth with a pop of fresh spring color. Made from lightweight cotton sateen with just enough added stretch, it's the effortless silhouette that'll keep you cool and comfortable all season long. It also featur",<unknown>,unknown,1.00,solid,,,
shopify:fahertybrand.com:8021064941637,pattern,Cotton Hemp Maxi Dress - Black,"Made from a breathable blend of organic cotton, hemp, and soft plant-based fibers, this maxi dress has a lightweight feel with a natural texture. Designed with a V-neckline, button front, and subtle ruching at the waist, it creates shape wh",<unknown>,unknown,0.60,solid,,,
shopify:www.untuckit.com:6819557179470,collar_type,Wool Hilburn Turtleneck - FINAL SALE,"There’s nothing like a luxuriously soft turtleneck this time of year. Made from 100% breathable wool, this style from our seaside-inspired Dublin collection features comfortable raglan sleeves, which complement the iconic turtleneck collar ",<unknown>,unknown,0.80,none,,,
shopify:fahertybrand.com:6884728930373,closure,Varsity Jacket - Navy,"An oldie but a goodie – this throwback varsity jacket has all the classic sporty stylings you remember, updated with a Faherty touch inspired by the great outdoors. From the front chenille patch to the back which features a large embroidere",<unknown>,unknown,1.00,single_breasted,,,
shopify:www.taylorstitch.com:7645558440013,pattern,The Crawford Sweater in Bay Leaf,"The Crawford Sweater in Bay Leaf from Taylor Stitch 100% BCI cotton. 5 gauge. Heavily washed for a worn in look. Seed stitch construction. Stand shawl collar. Two lower welt pockets. 2x1 rib at cuff, welt and bottom opening. Hand wash cold,",<unknown>,unknown,0.80,solid,,,
shopify:www.everlane.com:7760661413974,colour_primary,Relaxed Mid-Rise Bootcut Jean | Light Vintage Indigo,"This mid-rise jean has a softer boot flare shape with a lightweight feel that still holds its shape. Made from organic cotton, of course.",blue,labeled,1.00,,,,
shopify:naadam.co:7505740103776,occasion,Super Luxe Cashmere Tie Waist Cardigan,"Tied together. The Super Luxe Cashmere Tie Waist Cardigan is cut long with an oversized fit, giving you room to wrap, knot, or wear it loose. Our heavyweight 100% cashmere makes it seriously soft, while the tie belt keeps it looking pulled-",<unknown>,unknown,1.00,,,,
